2026-01-06 15:46:55,161 - mmdet - INFO - Environment info:
------------------------------------------------------------
sys.platform: linux
Python: 3.8.20 (default, Oct  3 2024, 15:24:27) [GCC 11.2.0]
CUDA available: True
GPU 0: NVIDIA GeForce RTX 4090 D
CUDA_HOME: /usr/local/cuda
NVCC: Build cuda_11.1.TC455_06.29190527_0
GCC: gcc (Ubuntu 9.4.0-1ubuntu1~20.04.2) 9.4.0
PyTorch: 1.9.1+cu111
PyTorch compiling details: PyTorch built with:
  - GCC 7.3
  - C++ Version: 201402
  - Intel(R) Math Kernel Library Version 2020.0.0 Product Build 20191122 for Intel(R) 64 architecture applications
  - Intel(R) MKL-DNN v2.1.2 (Git Hash 98be7e8afa711dc9b66c8ff3504129cb82013cdb)
  - OpenMP 201511 (a.k.a. OpenMP 4.5)
  - NNPACK is enabled
  - CPU capability usage: AVX2
  - CUDA Runtime 11.1
  - NVCC architecture flags: -gencode;arch=compute_37,code=sm_37;-gencode;arch=compute_50,code=sm_50;-gencode;arch=compute_60,code=sm_60;-gencode;arch=compute_70,code=sm_70;-gencode;arch=compute_75,code=sm_75;-gencode;arch=compute_80,code=sm_80;-gencode;arch=compute_86,code=sm_86
  - CuDNN 8.0.5
  - Magma 2.5.2
  - Build settings: BLAS_INFO=mkl, BUILD_TYPE=Release, CUDA_VERSION=11.1, CUDNN_VERSION=8.0.5, CXX_COMPILER=/opt/rh/devtoolset-7/root/usr/bin/c++, CXX_FLAGS= -Wno-deprecated -fvisibility-inlines-hidden -DUSE_PTHREADPOOL -fopenmp -DNDEBUG -DUSE_KINETO -DUSE_FBGEMM -DUSE_QNNPACK -DUSE_PYTORCH_QNNPACK -DUSE_XNNPACK -DSYMBOLICATE_MOBILE_DEBUG_HANDLE -O2 -fPIC -Wno-narrowing -Wall -Wextra -Werror=return-type -Wno-missing-field-initializers -Wno-type-limits -Wno-array-bounds -Wno-unknown-pragmas -Wno-sign-compare -Wno-unused-parameter -Wno-unused-variable -Wno-unused-function -Wno-unused-result -Wno-unused-local-typedefs -Wno-strict-overflow -Wno-strict-aliasing -Wno-error=deprecated-declarations -Wno-stringop-overflow -Wno-psabi -Wno-error=pedantic -Wno-error=redundant-decls -Wno-error=old-style-cast -fdiagnostics-color=always -faligned-new -Wno-unused-but-set-variable -Wno-maybe-uninitialized -fno-math-errno -fno-trapping-math -Werror=format -Wno-stringop-overflow, LAPACK_INFO=mkl, PERF_WITH_AVX=1, PERF_WITH_AVX2=1, PERF_WITH_AVX512=1, TORCH_VERSION=1.9.1, USE_CUDA=ON, USE_CUDNN=ON, USE_EXCEPTION_PTR=1, USE_GFLAGS=OFF, USE_GLOG=OFF, USE_MKL=ON, USE_MKLDNN=ON, USE_MPI=OFF, USE_NCCL=ON, USE_NNPACK=ON, USE_OPENMP=ON, 

TorchVision: 0.10.1+cu111
OpenCV: 4.8.0
MMCV: 1.4.0
MMCV Compiler: GCC 9.4
MMCV CUDA Compiler: 11.1
MMDetection: 2.14.0
MMSegmentation: 0.14.1
MMDetection3D: 0.17.2+HEAD
------------------------------------------------------------

2026-01-06 15:46:59,928 - mmdet - INFO - Distributed training: False
2026-01-06 15:47:04,709 - mmdet - INFO - Config:
find_unused_parameters = True
log_config = dict(
    interval=50,
    hooks=[dict(type='TextLoggerHook'),
           dict(type='TensorboardLoggerHook')])
dist_params = dict(backend='nccl')
log_level = 'INFO'
work_dir = './new_data_train_result/new_data_categary_split_dataset_pt25'
load_from = None
resume_from = None
workflow = [('train', 1)]
plugin = True
plugin_dir = 'projects/mmdet3d_plugin/'
bev_res = 0.05
crop_size = (1000, 1000)
input_shape = (1000, 1000)
img_norm_cfg = dict(
    mean_lidar_map=[0.0442, 0.0919, 0.547],
    std_lidar_map=[0.12, 0.1768, 0.1239],
    mean_view_map=[0.2452, 0.2565, 0.2354],
    std_view_map=[0.25739855, 0.26731403, 0.24942544],
    mean_single=[9.1407],
    std_single=[33.3963],
    to_rgb=True)
map_classes = ['lane_line', 'curb', 'stop_line']
attrs_dict = dict(
    laneline_linetype=[
        'single_solid', 'single_dash', 'double_left_solid',
        'double_right_solid', 'double_solid', 'double_dash',
        'colored_three_line', 'other', 'unknown', 'no'
    ],
    laneline_function=[
        'normal', 'fishbone_line', 'diversion_line', 'guide_line', 'other',
        'unknown', 'no'
    ],
    laneline_color=['white', 'yellow', 'other', 'unknown', 'no'],
    curb_linetype=[
        'road_edge', 'plain_edge', 'cone_edge', 'waterhorse_edge',
        'fence_edge', 'park_edge', 'other', 'unknown'
    ],
    stopline_linetype=['normal', 'other', 'unknown'])
attr_classes_num = [10, 7, 5, 8, 3]
fixed_ptsnum_per_gt_line = 25
fixed_ptsnum_per_pred_line = 25
dynamic_sample_config = dict(
    sample_density=2.0,
    min_sample_points=5,
    max_sample_points=25,
    bev_res=0.05)
eval_use_same_gt_sample_num_flag = True
num_map_classes = 3
_dim_ = 256
_ffn_dim_ = 512
instance_num = 50
task_config = dict(with_lidar=True, with_view=True, with_z=False)
input_modality = dict(use_lidar_map=True, use_view_map=True, use_z_map=False)
img_keys = ['lidar_map', 'view_map']
model = dict(
    type='VMA',
    task_config=dict(with_lidar=True, with_view=True, with_z=False),
    modality=dict(use_lidar_map=True, use_view_map=True, use_z_map=False),
    use_grid_mask=True,
    video_test_mode=False,
    pretrained=None,
    img_backbone=dict(
        type='ResNet',
        depth=101,
        num_stages=4,
        out_indices=(1, 2, 3),
        frozen_stages=1,
        norm_cfg=dict(type='BN', requires_grad=False),
        norm_eval=True,
        style='pytorch',
        pretrained='/homes/zhangzijian/vma-dev/ckpts/resnet101-5d3b4d8f.pth'),
    img_backbone_view=dict(
        type='ResNet',
        depth=101,
        num_stages=4,
        out_indices=(1, 2, 3),
        frozen_stages=1,
        norm_cfg=dict(type='BN', requires_grad=False),
        norm_eval=True,
        style='pytorch',
        pretrained='/homes/zhangzijian/vma-dev/ckpts/resnet101-5d3b4d8f.pth'),
    img_neck=dict(
        type='ChannelMapper',
        in_channels=[512, 1024, 2048],
        kernel_size=1,
        out_channels=256,
        act_cfg=None,
        norm_cfg=dict(type='GN', num_groups=32),
        num_outs=4),
    img_neck_view=dict(
        type='ChannelMapper',
        in_channels=[512, 1024, 2048],
        kernel_size=1,
        out_channels=256,
        act_cfg=None,
        norm_cfg=dict(type='GN', num_groups=32),
        num_outs=4),
    pts_bbox_head=dict(
        type='VMAHead',
        num_query=900,
        num_vec=50,
        instance_embed_dim=256,
        num_pts_per_vec=25,
        num_pts_per_gt_vec=25,
        dir_interval=1,
        query_embed_type='instance_pts',
        transform_method='minmax',
        num_classes=3,
        in_channels=256,
        sync_cls_avg_factor=True,
        with_box_refine=True,
        as_two_stage=False,
        code_size=2,
        code_weights=[1.0, 1.0, 1.0, 1.0],
        transformer=dict(
            type='DeformableDetrTransformer',
            encoder=dict(
                type='DetrTransformerEncoder',
                num_layers=6,
                transformerlayers=dict(
                    type='BaseTransformerLayer',
                    attn_cfgs=dict(
                        type='MultiScaleDeformableAttention', embed_dims=256),
                    feedforward_channels=1024,
                    ffn_dropout=0.1,
                    operation_order=('self_attn', 'norm', 'ffn', 'norm'))),
            decoder=dict(
                type='VMADetectionTransformerDecoder',
                num_layers=6,
                return_intermediate=True,
                transformerlayers=dict(
                    type='DetrTransformerDecoderLayer',
                    attn_cfgs=[
                        dict(
                            type='MultiheadAttention',
                            embed_dims=256,
                            num_heads=8,
                            dropout=0.1),
                        dict(
                            type='CustomMSDeformableAttention', embed_dims=256)
                    ],
                    feedforward_channels=512,
                    ffn_dropout=0.1,
                    operation_order=('self_attn', 'norm', 'cross_attn', 'norm',
                                     'ffn', 'norm')))),
        attr_head=dict(
            type='Attribute_Classifier',
            attr_classes=[10, 7, 5, 8, 3],
            mlp_layers=3,
            in_channels=256,
            feedforward_channels=256),
        bbox_coder=dict(
            type='VMANMSFreeCoder',
            max_num=50,
            score_threshold=0.3,
            num_classes=3),
        positional_encoding=dict(
            type='SinePositionalEncoding',
            num_feats=128,
            normalize=True,
            offset=-0.5),
        loss_cls=dict(
            type='FocalLoss',
            use_sigmoid=True,
            gamma=2.0,
            alpha=0.25,
            loss_weight=2.0),
        loss_attr=dict(
            type='FocalLoss',
            use_sigmoid=True,
            gamma=2.0,
            alpha=0.25,
            loss_weight=2.0),
        loss_bbox=dict(type='L1Loss', loss_weight=0.0),
        loss_iou=dict(type='GIoULoss', loss_weight=0.0),
        loss_pts2lines=dict(type='Pts2LinesLoss', loss_weight=13),
        loss_pts2pts=dict(type='PtsL1Loss', loss_weight=2.5),
        loss_dir=dict(type='PtsDirCosLoss', loss_weight=0.01),
        loss_offset=dict(type='LateralOffsetLoss', loss_weight=3.5)),
    train_cfg=dict(
        pts=dict(
            grid_size=[512, 512, 1],
            out_size_factor=4,
            assigner=dict(
                type='VMAHungarianAssigner',
                cls_cost=dict(type='FocalLossCost', weight=2.0),
                reg_cost=dict(
                    type='BBoxL1Cost', weight=0.0, box_format='xywh'),
                iou_cost=dict(type='IoUCost', iou_mode='giou', weight=0.0),
                pts_cost=dict(type='OrderedPtsL1Cost', weight=5)))))
dataset_type = 'TrunkLineDataset'
data_root1 = dict(
    train='/homes/zhangzijian/vma-dev/data_1209_merged_split/train/',
    val='/homes/zhangzijian/vma-dev/data_1209_merged_split/val/',
    test='/homes/zhangzijian/vma-dev/data_1209_merged_split/test/')
data_root2 = dict(
    train='/homes/zhangzijian/vma-dev/new_data/',
    val='/homes/zhangzijian/vma-dev/new_data_val/',
    test='/homes/zhangzijian/vma-dev/new_data_val/')
file_client_args = dict(backend='disk')
train_pipeline = [
    dict(type='LoadMultiImageFromFiles', to_float32=True),
    dict(
        type='CropResizeFlipImage',
        img_keys=['lidar_map', 'view_map'],
        prob=0.2,
        resize_shape=(1000, 1000),
        crop_ratio=(0.8, 1),
        keep_crop_region=False,
        rand_hflip=True),
    dict(
        type='AffineTransform',
        img_keys=['lidar_map', 'view_map'],
        prob=0.2,
        max_rotate_angle=20,
        max_translation_ratio=0.2,
        scale_range=(0.95, 1.25)),
    dict(
        type='NormalizeMultiImage',
        img_keys=['lidar_map', 'view_map'],
        mean_lidar_map=[0.0442, 0.0919, 0.547],
        std_lidar_map=[0.12, 0.1768, 0.1239],
        mean_view_map=[0.2452, 0.2565, 0.2354],
        std_view_map=[0.25739855, 0.26731403, 0.24942544],
        mean_single=[9.1407],
        std_single=[33.3963],
        to_rgb=True),
    dict(
        type='VectorizeMap',
        input_shape=(1000, 1000),
        map_classes=['lane_line', 'curb', 'stop_line'],
        attrs_dict=dict(
            laneline_linetype=[
                'single_solid', 'single_dash', 'double_left_solid',
                'double_right_solid', 'double_solid', 'double_dash',
                'colored_three_line', 'other', 'unknown', 'no'
            ],
            laneline_function=[
                'normal', 'fishbone_line', 'diversion_line', 'guide_line',
                'other', 'unknown', 'no'
            ],
            laneline_color=['white', 'yellow', 'other', 'unknown', 'no'],
            curb_linetype=[
                'road_edge', 'plain_edge', 'cone_edge', 'waterhorse_edge',
                'fence_edge', 'park_edge', 'other', 'unknown'
            ],
            stopline_linetype=['normal', 'other', 'unknown']),
        fixed_ptsnum_per_line=25),
    dict(type='TrunkVMAAdaptor'),
    dict(
        type='Collect',
        keys=[
            'img', 'gt_bboxes', 'gt_labels', 'gt_attrs', 'img_keys',
            'img_metas'
        ],
        meta_keys=[])
]
test_pipeline = [
    dict(type='LoadMultiImageFromFiles', to_float32=True),
    dict(
        type='NormalizeMultiImage',
        img_keys=['lidar_map', 'view_map'],
        mean_lidar_map=[0.0442, 0.0919, 0.547],
        std_lidar_map=[0.12, 0.1768, 0.1239],
        mean_view_map=[0.2452, 0.2565, 0.2354],
        std_view_map=[0.25739855, 0.26731403, 0.24942544],
        mean_single=[9.1407],
        std_single=[33.3963],
        to_rgb=True),
    dict(
        type='VectorizeMap',
        input_shape=(1000, 1000),
        map_classes=['lane_line', 'curb', 'stop_line'],
        attrs_dict=dict(
            laneline_linetype=[
                'single_solid', 'single_dash', 'double_left_solid',
                'double_right_solid', 'double_solid', 'double_dash',
                'colored_three_line', 'other', 'unknown', 'no'
            ],
            laneline_function=[
                'normal', 'fishbone_line', 'diversion_line', 'guide_line',
                'other', 'unknown', 'no'
            ],
            laneline_color=['white', 'yellow', 'other', 'unknown', 'no'],
            curb_linetype=[
                'road_edge', 'plain_edge', 'cone_edge', 'waterhorse_edge',
                'fence_edge', 'park_edge', 'other', 'unknown'
            ],
            stopline_linetype=['normal', 'other', 'unknown']),
        fixed_ptsnum_per_line=25),
    dict(type='TrunkVMAAdaptor'),
    dict(
        type='Collect',
        keys=[
            'img', 'gt_bboxes', 'gt_labels', 'gt_attrs', 'img_keys',
            'img_metas'
        ],
        meta_keys=[])
]
data = dict(
    samples_per_gpu=1,
    workers_per_gpu=2,
    train=dict(
        type='ConcatDataset',
        datasets=[
            dict(
                type='TrunkLineDataset',
                data_root=
                '/homes/zhangzijian/vma-dev/data_1209_merged_split/train/',
                imgs_dir='cropped_data/images',
                annots_dir='cropped_data/annots',
                mask_dir=None,
                points_nums=25,
                modality=dict(
                    use_lidar_map=True, use_view_map=True, use_z_map=False),
                view_img_dir='cropped_data/view_maps',
                z_map_dir='cropped_data/z_maps_vis',
                map_classes=['lane_line', 'curb', 'stop_line'],
                attrs_dict=dict(
                    laneline_linetype=[
                        'single_solid', 'single_dash', 'double_left_solid',
                        'double_right_solid', 'double_solid', 'double_dash',
                        'colored_three_line', 'other', 'unknown', 'no'
                    ],
                    laneline_function=[
                        'normal', 'fishbone_line', 'diversion_line',
                        'guide_line', 'other', 'unknown', 'no'
                    ],
                    laneline_color=[
                        'white', 'yellow', 'other', 'unknown', 'no'
                    ],
                    curb_linetype=[
                        'road_edge', 'plain_edge', 'cone_edge',
                        'waterhorse_edge', 'fence_edge', 'park_edge', 'other',
                        'unknown'
                    ],
                    stopline_linetype=['normal', 'other', 'unknown']),
                eval_use_same_gt_sample_num_flag=True,
                dynamic_sample_config=dict(
                    sample_density=2.0,
                    min_sample_points=5,
                    max_sample_points=25,
                    bev_res=0.05),
                pipeline=[
                    dict(type='LoadMultiImageFromFiles', to_float32=True),
                    dict(
                        type='CropResizeFlipImage',
                        img_keys=['lidar_map', 'view_map'],
                        prob=0.2,
                        resize_shape=(1000, 1000),
                        crop_ratio=(0.8, 1),
                        keep_crop_region=False,
                        rand_hflip=True),
                    dict(
                        type='AffineTransform',
                        img_keys=['lidar_map', 'view_map'],
                        prob=0.2,
                        max_rotate_angle=20,
                        max_translation_ratio=0.2,
                        scale_range=(0.95, 1.25)),
                    dict(
                        type='NormalizeMultiImage',
                        img_keys=['lidar_map', 'view_map'],
                        mean_lidar_map=[0.0442, 0.0919, 0.547],
                        std_lidar_map=[0.12, 0.1768, 0.1239],
                        mean_view_map=[0.2452, 0.2565, 0.2354],
                        std_view_map=[0.25739855, 0.26731403, 0.24942544],
                        mean_single=[9.1407],
                        std_single=[33.3963],
                        to_rgb=True),
                    dict(
                        type='VectorizeMap',
                        input_shape=(1000, 1000),
                        map_classes=['lane_line', 'curb', 'stop_line'],
                        attrs_dict=dict(
                            laneline_linetype=[
                                'single_solid', 'single_dash',
                                'double_left_solid', 'double_right_solid',
                                'double_solid', 'double_dash',
                                'colored_three_line', 'other', 'unknown', 'no'
                            ],
                            laneline_function=[
                                'normal', 'fishbone_line', 'diversion_line',
                                'guide_line', 'other', 'unknown', 'no'
                            ],
                            laneline_color=[
                                'white', 'yellow', 'other', 'unknown', 'no'
                            ],
                            curb_linetype=[
                                'road_edge', 'plain_edge', 'cone_edge',
                                'waterhorse_edge', 'fence_edge', 'park_edge',
                                'other', 'unknown'
                            ],
                            stopline_linetype=['normal', 'other', 'unknown']),
                        fixed_ptsnum_per_line=25),
                    dict(type='TrunkVMAAdaptor'),
                    dict(
                        type='Collect',
                        keys=[
                            'img', 'gt_bboxes', 'gt_labels', 'gt_attrs',
                            'img_keys', 'img_metas'
                        ],
                        meta_keys=[])
                ],
                mode='train',
                test_mode=False),
            dict(
                type='TrunkLineDataset',
                data_root='/homes/zhangzijian/vma-dev/new_data/',
                imgs_dir='cropped_data/images',
                annots_dir='cropped_data/annots',
                mask_dir=None,
                points_nums=25,
                modality=dict(
                    use_lidar_map=True, use_view_map=True, use_z_map=False),
                view_img_dir='cropped_data/view_maps',
                z_map_dir='cropped_data/z_maps_vis',
                map_classes=['lane_line', 'curb', 'stop_line'],
                attrs_dict=dict(
                    laneline_linetype=[
                        'single_solid', 'single_dash', 'double_left_solid',
                        'double_right_solid', 'double_solid', 'double_dash',
                        'colored_three_line', 'other', 'unknown', 'no'
                    ],
                    laneline_function=[
                        'normal', 'fishbone_line', 'diversion_line',
                        'guide_line', 'other', 'unknown', 'no'
                    ],
                    laneline_color=[
                        'white', 'yellow', 'other', 'unknown', 'no'
                    ],
                    curb_linetype=[
                        'road_edge', 'plain_edge', 'cone_edge',
                        'waterhorse_edge', 'fence_edge', 'park_edge', 'other',
                        'unknown'
                    ],
                    stopline_linetype=['normal', 'other', 'unknown']),
                eval_use_same_gt_sample_num_flag=True,
                dynamic_sample_config=dict(
                    sample_density=2.0,
                    min_sample_points=5,
                    max_sample_points=25,
                    bev_res=0.05),
                pipeline=[
                    dict(type='LoadMultiImageFromFiles', to_float32=True),
                    dict(
                        type='CropResizeFlipImage',
                        img_keys=['lidar_map', 'view_map'],
                        prob=0.2,
                        resize_shape=(1000, 1000),
                        crop_ratio=(0.8, 1),
                        keep_crop_region=False,
                        rand_hflip=True),
                    dict(
                        type='AffineTransform',
                        img_keys=['lidar_map', 'view_map'],
                        prob=0.2,
                        max_rotate_angle=20,
                        max_translation_ratio=0.2,
                        scale_range=(0.95, 1.25)),
                    dict(
                        type='NormalizeMultiImage',
                        img_keys=['lidar_map', 'view_map'],
                        mean_lidar_map=[0.0442, 0.0919, 0.547],
                        std_lidar_map=[0.12, 0.1768, 0.1239],
                        mean_view_map=[0.2452, 0.2565, 0.2354],
                        std_view_map=[0.25739855, 0.26731403, 0.24942544],
                        mean_single=[9.1407],
                        std_single=[33.3963],
                        to_rgb=True),
                    dict(
                        type='VectorizeMap',
                        input_shape=(1000, 1000),
                        map_classes=['lane_line', 'curb', 'stop_line'],
                        attrs_dict=dict(
                            laneline_linetype=[
                                'single_solid', 'single_dash',
                                'double_left_solid', 'double_right_solid',
                                'double_solid', 'double_dash',
                                'colored_three_line', 'other', 'unknown', 'no'
                            ],
                            laneline_function=[
                                'normal', 'fishbone_line', 'diversion_line',
                                'guide_line', 'other', 'unknown', 'no'
                            ],
                            laneline_color=[
                                'white', 'yellow', 'other', 'unknown', 'no'
                            ],
                            curb_linetype=[
                                'road_edge', 'plain_edge', 'cone_edge',
                                'waterhorse_edge', 'fence_edge', 'park_edge',
                                'other', 'unknown'
                            ],
                            stopline_linetype=['normal', 'other', 'unknown']),
                        fixed_ptsnum_per_line=25),
                    dict(type='TrunkVMAAdaptor'),
                    dict(
                        type='Collect',
                        keys=[
                            'img', 'gt_bboxes', 'gt_labels', 'gt_attrs',
                            'img_keys', 'img_metas'
                        ],
                        meta_keys=[])
                ],
                mode='train',
                test_mode=False)
        ],
        separate_eval=False),
    val=dict(
        type='TrunkLineDataset',
        data_root='/homes/zhangzijian/vma-dev/data_1209_merged_split/val/',
        imgs_dir='cropped_data/images',
        annots_dir='cropped_data/annots',
        mask_dir=None,
        points_nums=25,
        modality=dict(use_lidar_map=True, use_view_map=True, use_z_map=False),
        view_img_dir='cropped_data/view_maps',
        z_map_dir='cropped_data/z_maps_vis',
        map_classes=['lane_line', 'curb', 'stop_line'],
        attrs_dict=dict(
            laneline_linetype=[
                'single_solid', 'single_dash', 'double_left_solid',
                'double_right_solid', 'double_solid', 'double_dash',
                'colored_three_line', 'other', 'unknown', 'no'
            ],
            laneline_function=[
                'normal', 'fishbone_line', 'diversion_line', 'guide_line',
                'other', 'unknown', 'no'
            ],
            laneline_color=['white', 'yellow', 'other', 'unknown', 'no'],
            curb_linetype=[
                'road_edge', 'plain_edge', 'cone_edge', 'waterhorse_edge',
                'fence_edge', 'park_edge', 'other', 'unknown'
            ],
            stopline_linetype=['normal', 'other', 'unknown']),
        eval_use_same_gt_sample_num_flag=True,
        dynamic_sample_config=dict(
            sample_density=2.0,
            min_sample_points=5,
            max_sample_points=25,
            bev_res=0.05),
        pipeline=[
            dict(type='LoadMultiImageFromFiles', to_float32=True),
            dict(
                type='NormalizeMultiImage',
                img_keys=['lidar_map', 'view_map'],
                mean_lidar_map=[0.0442, 0.0919, 0.547],
                std_lidar_map=[0.12, 0.1768, 0.1239],
                mean_view_map=[0.2452, 0.2565, 0.2354],
                std_view_map=[0.25739855, 0.26731403, 0.24942544],
                mean_single=[9.1407],
                std_single=[33.3963],
                to_rgb=True),
            dict(
                type='VectorizeMap',
                input_shape=(1000, 1000),
                map_classes=['lane_line', 'curb', 'stop_line'],
                attrs_dict=dict(
                    laneline_linetype=[
                        'single_solid', 'single_dash', 'double_left_solid',
                        'double_right_solid', 'double_solid', 'double_dash',
                        'colored_three_line', 'other', 'unknown', 'no'
                    ],
                    laneline_function=[
                        'normal', 'fishbone_line', 'diversion_line',
                        'guide_line', 'other', 'unknown', 'no'
                    ],
                    laneline_color=[
                        'white', 'yellow', 'other', 'unknown', 'no'
                    ],
                    curb_linetype=[
                        'road_edge', 'plain_edge', 'cone_edge',
                        'waterhorse_edge', 'fence_edge', 'park_edge', 'other',
                        'unknown'
                    ],
                    stopline_linetype=['normal', 'other', 'unknown']),
                fixed_ptsnum_per_line=25),
            dict(type='TrunkVMAAdaptor'),
            dict(
                type='Collect',
                keys=[
                    'img', 'gt_bboxes', 'gt_labels', 'gt_attrs', 'img_keys',
                    'img_metas'
                ],
                meta_keys=[])
        ],
        mode='valid',
        test_mode=False),
    test=dict(
        type='TrunkLineDataset',
        data_root='/homes/zhangzijian/vma-dev/data_1209_merged_split/test/',
        imgs_dir='cropped_data/images',
        annots_dir='cropped_data/annots',
        mask_dir=None,
        points_nums=25,
        modality=dict(use_lidar_map=True, use_view_map=True, use_z_map=False),
        view_img_dir='cropped_data/view_maps',
        z_map_dir='cropped_data/z_maps_vis',
        map_classes=['lane_line', 'curb', 'stop_line'],
        attrs_dict=dict(
            laneline_linetype=[
                'single_solid', 'single_dash', 'double_left_solid',
                'double_right_solid', 'double_solid', 'double_dash',
                'colored_three_line', 'other', 'unknown', 'no'
            ],
            laneline_function=[
                'normal', 'fishbone_line', 'diversion_line', 'guide_line',
                'other', 'unknown', 'no'
            ],
            laneline_color=['white', 'yellow', 'other', 'unknown', 'no'],
            curb_linetype=[
                'road_edge', 'plain_edge', 'cone_edge', 'waterhorse_edge',
                'fence_edge', 'park_edge', 'other', 'unknown'
            ],
            stopline_linetype=['normal', 'other', 'unknown']),
        eval_use_same_gt_sample_num_flag=True,
        dynamic_sample_config=dict(
            sample_density=2.0,
            min_sample_points=5,
            max_sample_points=25,
            bev_res=0.05),
        pipeline=[
            dict(type='LoadMultiImageFromFiles', to_float32=True),
            dict(
                type='NormalizeMultiImage',
                img_keys=['lidar_map', 'view_map'],
                mean_lidar_map=[0.0442, 0.0919, 0.547],
                std_lidar_map=[0.12, 0.1768, 0.1239],
                mean_view_map=[0.2452, 0.2565, 0.2354],
                std_view_map=[0.25739855, 0.26731403, 0.24942544],
                mean_single=[9.1407],
                std_single=[33.3963],
                to_rgb=True),
            dict(
                type='VectorizeMap',
                input_shape=(1000, 1000),
                map_classes=['lane_line', 'curb', 'stop_line'],
                attrs_dict=dict(
                    laneline_linetype=[
                        'single_solid', 'single_dash', 'double_left_solid',
                        'double_right_solid', 'double_solid', 'double_dash',
                        'colored_three_line', 'other', 'unknown', 'no'
                    ],
                    laneline_function=[
                        'normal', 'fishbone_line', 'diversion_line',
                        'guide_line', 'other', 'unknown', 'no'
                    ],
                    laneline_color=[
                        'white', 'yellow', 'other', 'unknown', 'no'
                    ],
                    curb_linetype=[
                        'road_edge', 'plain_edge', 'cone_edge',
                        'waterhorse_edge', 'fence_edge', 'park_edge', 'other',
                        'unknown'
                    ],
                    stopline_linetype=['normal', 'other', 'unknown']),
                fixed_ptsnum_per_line=25),
            dict(type='TrunkVMAAdaptor'),
            dict(
                type='Collect',
                keys=[
                    'img', 'gt_bboxes', 'gt_labels', 'gt_attrs', 'img_keys',
                    'img_metas'
                ],
                meta_keys=[])
        ],
        mode='test',
        test_mode=True),
    shuffler_sampler=dict(type='DistributedGroupSampler'),
    nonshuffler_sampler=dict(type='DistributedSampler'))
optimizer = dict(
    type='AdamW',
    lr=5e-05,
    paramwise_cfg=dict(
        custom_keys=dict(
            img_backbone=dict(lr_mult=0.1),
            img_backbone_view=dict(lr_mult=0.1))),
    weight_decay=0.01)
optimizer_config = dict(grad_clip=dict(max_norm=35, norm_type=2))
lr_config = dict(
    policy='CosineAnnealing',
    warmup='linear',
    warmup_iters=500,
    warmup_ratio=0.3333333333333333,
    min_lr_ratio=0.001)
total_epochs = 200
runner = dict(type='EpochBasedRunner', max_epochs=200)
checkpoint_config = dict(interval=8)
evaluation = dict(interval=4, metric='chamfer')
gpu_ids = range(0, 1)

2026-01-06 15:47:04,711 - mmdet - INFO - Set random seed to 0, deterministic: False
2026-01-06 15:47:08,966 - mmdet - INFO - initialize ResNet with init_cfg {'type': 'Pretrained', 'checkpoint': '/homes/zhangzijian/vma-dev/ckpts/resnet101-5d3b4d8f.pth'}
2026-01-06 15:47:11,759 - mmdet - INFO - initialize ChannelMapper with init_cfg {'type': 'Xavier', 'layer': 'Conv2d', 'distribution': 'uniform'}
2026-01-06 15:47:11,791 - mmdet - INFO - initialize ResNet with init_cfg {'type': 'Pretrained', 'checkpoint': '/homes/zhangzijian/vma-dev/ckpts/resnet101-5d3b4d8f.pth'}
2026-01-06 15:47:13,062 - mmdet - INFO - initialize ChannelMapper with init_cfg {'type': 'Xavier', 'layer': 'Conv2d', 'distribution': 'uniform'}
Name of parameter - Initialization information

pts_bbox_head.transformer.level_embeds - torch.Size([4, 256]): 
Initialized by user-defined `init_weights` in VMAHead  

pts_bbox_head.transformer.encoder.layers.0.attentions.0.sampling_offsets.weight - torch.Size([256, 256]): 
The value is the same before and after calling `init_weights` of VMA  

pts_bbox_head.transformer.encoder.layers.0.attentions.0.sampling_offsets.bias - torch.Size([256]): 
The value is the same before and after calling `init_weights` of VMA  

pts_bbox_head.transformer.encoder.layers.0.attentions.0.attention_weights.weight - torch.Size([128, 256]): 
The value is the same before and after calling `init_weights` of VMA  

pts_bbox_head.transformer.encoder.layers.0.attentions.0.attention_weights.bias - torch.Size([128]): 
The value is the same before and after calling `init_weights` of VMA  

pts_bbox_head.transformer.encoder.layers.0.attentions.0.value_proj.weight - torch.Size([256, 256]): 
Initialized by user-defined `init_weights` in VMAHead  

pts_bbox_head.transformer.encoder.layers.0.attentions.0.value_proj.bias - torch.Size([256]): 
The value is the same before and after calling `init_weights` of VMA  

pts_bbox_head.transformer.encoder.layers.0.attentions.0.output_proj.weight - torch.Size([256, 256]): 
Initialized by user-defined `init_weights` in VMAHead  

pts_bbox_head.transformer.encoder.layers.0.attentions.0.output_proj.bias - torch.Size([256]): 
The value is the same before and after calling `init_weights` of VMA  

pts_bbox_head.transformer.encoder.layers.0.ffns.0.layers.0.0.weight - torch.Size([1024, 256]): 
Initialized by user-defined `init_weights` in VMAHead  

pts_bbox_head.transformer.encoder.layers.0.ffns.0.layers.0.0.bias - torch.Size([1024]): 
The value is the same before and after calling `init_weights` of VMA  

pts_bbox_head.transformer.encoder.layers.0.ffns.0.layers.1.weight - torch.Size([256, 1024]): 
Initialized by user-defined `init_weights` in VMAHead  

pts_bbox_head.transformer.encoder.layers.0.ffns.0.layers.1.bias - torch.Size([256]): 
The value is the same before and after calling `init_weights` of VMA  

pts_bbox_head.transformer.encoder.layers.0.norms.0.weight - torch.Size([256]): 
The value is the same before and after calling `init_weights` of VMA  

pts_bbox_head.transformer.encoder.layers.0.norms.0.bias - torch.Size([256]): 
The value is the same before and after calling `init_weights` of VMA  

pts_bbox_head.transformer.encoder.layers.0.norms.1.weight - torch.Size([256]): 
The value is the same before and after calling `init_weights` of VMA  

pts_bbox_head.transformer.encoder.layers.0.norms.1.bias - torch.Size([256]): 
The value is the same before and after calling `init_weights` of VMA  

pts_bbox_head.transformer.encoder.layers.1.attentions.0.sampling_offsets.weight - torch.Size([256, 256]): 
The value is the same before and after calling `init_weights` of VMA  

pts_bbox_head.transformer.encoder.layers.1.attentions.0.sampling_offsets.bias - torch.Size([256]): 
The value is the same before and after calling `init_weights` of VMA  

pts_bbox_head.transformer.encoder.layers.1.attentions.0.attention_weights.weight - torch.Size([128, 256]): 
The value is the same before and after calling `init_weights` of VMA  

pts_bbox_head.transformer.encoder.layers.1.attentions.0.attention_weights.bias - torch.Size([128]): 
The value is the same before and after calling `init_weights` of VMA  

pts_bbox_head.transformer.encoder.layers.1.attentions.0.value_proj.weight - torch.Size([256, 256]): 
Initialized by user-defined `init_weights` in VMAHead  

pts_bbox_head.transformer.encoder.layers.1.attentions.0.value_proj.bias - torch.Size([256]): 
The value is the same before and after calling `init_weights` of VMA  

pts_bbox_head.transformer.encoder.layers.1.attentions.0.output_proj.weight - torch.Size([256, 256]): 
Initialized by user-defined `init_weights` in VMAHead  

pts_bbox_head.transformer.encoder.layers.1.attentions.0.output_proj.bias - torch.Size([256]): 
The value is the same before and after calling `init_weights` of VMA  

pts_bbox_head.transformer.encoder.layers.1.ffns.0.layers.0.0.weight - torch.Size([1024, 256]): 
Initialized by user-defined `init_weights` in VMAHead  

pts_bbox_head.transformer.encoder.layers.1.ffns.0.layers.0.0.bias - torch.Size([1024]): 
The value is the same before and after calling `init_weights` of VMA  

pts_bbox_head.transformer.encoder.layers.1.ffns.0.layers.1.weight - torch.Size([256, 1024]): 
Initialized by user-defined `init_weights` in VMAHead  

pts_bbox_head.transformer.encoder.layers.1.ffns.0.layers.1.bias - torch.Size([256]): 
The value is the same before and after calling `init_weights` of VMA  

pts_bbox_head.transformer.encoder.layers.1.norms.0.weight - torch.Size([256]): 
The value is the same before and after calling `init_weights` of VMA  

pts_bbox_head.transformer.encoder.layers.1.norms.0.bias - torch.Size([256]): 
The value is the same before and after calling `init_weights` of VMA  

pts_bbox_head.transformer.encoder.layers.1.norms.1.weight - torch.Size([256]): 
The value is the same before and after calling `init_weights` of VMA  

pts_bbox_head.transformer.encoder.layers.1.norms.1.bias - torch.Size([256]): 
The value is the same before and after calling `init_weights` of VMA  

pts_bbox_head.transformer.encoder.layers.2.attentions.0.sampling_offsets.weight - torch.Size([256, 256]): 
The value is the same before and after calling `init_weights` of VMA  

pts_bbox_head.transformer.encoder.layers.2.attentions.0.sampling_offsets.bias - torch.Size([256]): 
The value is the same before and after calling `init_weights` of VMA  

pts_bbox_head.transformer.encoder.layers.2.attentions.0.attention_weights.weight - torch.Size([128, 256]): 
The value is the same before and after calling `init_weights` of VMA  

pts_bbox_head.transformer.encoder.layers.2.attentions.0.attention_weights.bias - torch.Size([128]): 
The value is the same before and after calling `init_weights` of VMA  

pts_bbox_head.transformer.encoder.layers.2.attentions.0.value_proj.weight - torch.Size([256, 256]): 
Initialized by user-defined `init_weights` in VMAHead  

pts_bbox_head.transformer.encoder.layers.2.attentions.0.value_proj.bias - torch.Size([256]): 
The value is the same before and after calling `init_weights` of VMA  

pts_bbox_head.transformer.encoder.layers.2.attentions.0.output_proj.weight - torch.Size([256, 256]): 
Initialized by user-defined `init_weights` in VMAHead  

pts_bbox_head.transformer.encoder.layers.2.attentions.0.output_proj.bias - torch.Size([256]): 
The value is the same before and after calling `init_weights` of VMA  

pts_bbox_head.transformer.encoder.layers.2.ffns.0.layers.0.0.weight - torch.Size([1024, 256]): 
Initialized by user-defined `init_weights` in VMAHead  

pts_bbox_head.transformer.encoder.layers.2.ffns.0.layers.0.0.bias - torch.Size([1024]): 
The value is the same before and after calling `init_weights` of VMA  

pts_bbox_head.transformer.encoder.layers.2.ffns.0.layers.1.weight - torch.Size([256, 1024]): 
Initialized by user-defined `init_weights` in VMAHead  

pts_bbox_head.transformer.encoder.layers.2.ffns.0.layers.1.bias - torch.Size([256]): 
The value is the same before and after calling `init_weights` of VMA  

pts_bbox_head.transformer.encoder.layers.2.norms.0.weight - torch.Size([256]): 
The value is the same before and after calling `init_weights` of VMA  

pts_bbox_head.transformer.encoder.layers.2.norms.0.bias - torch.Size([256]): 
The value is the same before and after calling `init_weights` of VMA  

pts_bbox_head.transformer.encoder.layers.2.norms.1.weight - torch.Size([256]): 
The value is the same before and after calling `init_weights` of VMA  

pts_bbox_head.transformer.encoder.layers.2.norms.1.bias - torch.Size([256]): 
The value is the same before and after calling `init_weights` of VMA  

pts_bbox_head.transformer.encoder.layers.3.attentions.0.sampling_offsets.weight - torch.Size([256, 256]): 
The value is the same before and after calling `init_weights` of VMA  

pts_bbox_head.transformer.encoder.layers.3.attentions.0.sampling_offsets.bias - torch.Size([256]): 
The value is the same before and after calling `init_weights` of VMA  

pts_bbox_head.transformer.encoder.layers.3.attentions.0.attention_weights.weight - torch.Size([128, 256]): 
The value is the same before and after calling `init_weights` of VMA  

pts_bbox_head.transformer.encoder.layers.3.attentions.0.attention_weights.bias - torch.Size([128]): 
The value is the same before and after calling `init_weights` of VMA  

pts_bbox_head.transformer.encoder.layers.3.attentions.0.value_proj.weight - torch.Size([256, 256]): 
Initialized by user-defined `init_weights` in VMAHead  

pts_bbox_head.transformer.encoder.layers.3.attentions.0.value_proj.bias - torch.Size([256]): 
The value is the same before and after calling `init_weights` of VMA  

pts_bbox_head.transformer.encoder.layers.3.attentions.0.output_proj.weight - torch.Size([256, 256]): 
Initialized by user-defined `init_weights` in VMAHead  

pts_bbox_head.transformer.encoder.layers.3.attentions.0.output_proj.bias - torch.Size([256]): 
The value is the same before and after calling `init_weights` of VMA  

pts_bbox_head.transformer.encoder.layers.3.ffns.0.layers.0.0.weight - torch.Size([1024, 256]): 
Initialized by user-defined `init_weights` in VMAHead  

pts_bbox_head.transformer.encoder.layers.3.ffns.0.layers.0.0.bias - torch.Size([1024]): 
The value is the same before and after calling `init_weights` of VMA  

pts_bbox_head.transformer.encoder.layers.3.ffns.0.layers.1.weight - torch.Size([256, 1024]): 
Initialized by user-defined `init_weights` in VMAHead  

pts_bbox_head.transformer.encoder.layers.3.ffns.0.layers.1.bias - torch.Size([256]): 
The value is the same before and after calling `init_weights` of VMA  

pts_bbox_head.transformer.encoder.layers.3.norms.0.weight - torch.Size([256]): 
The value is the same before and after calling `init_weights` of VMA  

pts_bbox_head.transformer.encoder.layers.3.norms.0.bias - torch.Size([256]): 
The value is the same before and after calling `init_weights` of VMA  

pts_bbox_head.transformer.encoder.layers.3.norms.1.weight - torch.Size([256]): 
The value is the same before and after calling `init_weights` of VMA  

pts_bbox_head.transformer.encoder.layers.3.norms.1.bias - torch.Size([256]): 
The value is the same before and after calling `init_weights` of VMA  

pts_bbox_head.transformer.encoder.layers.4.attentions.0.sampling_offsets.weight - torch.Size([256, 256]): 
The value is the same before and after calling `init_weights` of VMA  

pts_bbox_head.transformer.encoder.layers.4.attentions.0.sampling_offsets.bias - torch.Size([256]): 
The value is the same before and after calling `init_weights` of VMA  

pts_bbox_head.transformer.encoder.layers.4.attentions.0.attention_weights.weight - torch.Size([128, 256]): 
The value is the same before and after calling `init_weights` of VMA  

pts_bbox_head.transformer.encoder.layers.4.attentions.0.attention_weights.bias - torch.Size([128]): 
The value is the same before and after calling `init_weights` of VMA  

pts_bbox_head.transformer.encoder.layers.4.attentions.0.value_proj.weight - torch.Size([256, 256]): 
Initialized by user-defined `init_weights` in VMAHead  

pts_bbox_head.transformer.encoder.layers.4.attentions.0.value_proj.bias - torch.Size([256]): 
The value is the same before and after calling `init_weights` of VMA  

pts_bbox_head.transformer.encoder.layers.4.attentions.0.output_proj.weight - torch.Size([256, 256]): 
Initialized by user-defined `init_weights` in VMAHead  

pts_bbox_head.transformer.encoder.layers.4.attentions.0.output_proj.bias - torch.Size([256]): 
The value is the same before and after calling `init_weights` of VMA  

pts_bbox_head.transformer.encoder.layers.4.ffns.0.layers.0.0.weight - torch.Size([1024, 256]): 
Initialized by user-defined `init_weights` in VMAHead  

pts_bbox_head.transformer.encoder.layers.4.ffns.0.layers.0.0.bias - torch.Size([1024]): 
The value is the same before and after calling `init_weights` of VMA  

pts_bbox_head.transformer.encoder.layers.4.ffns.0.layers.1.weight - torch.Size([256, 1024]): 
Initialized by user-defined `init_weights` in VMAHead  

pts_bbox_head.transformer.encoder.layers.4.ffns.0.layers.1.bias - torch.Size([256]): 
The value is the same before and after calling `init_weights` of VMA  

pts_bbox_head.transformer.encoder.layers.4.norms.0.weight - torch.Size([256]): 
The value is the same before and after calling `init_weights` of VMA  

pts_bbox_head.transformer.encoder.layers.4.norms.0.bias - torch.Size([256]): 
The value is the same before and after calling `init_weights` of VMA  

pts_bbox_head.transformer.encoder.layers.4.norms.1.weight - torch.Size([256]): 
The value is the same before and after calling `init_weights` of VMA  

pts_bbox_head.transformer.encoder.layers.4.norms.1.bias - torch.Size([256]): 
The value is the same before and after calling `init_weights` of VMA  

pts_bbox_head.transformer.encoder.layers.5.attentions.0.sampling_offsets.weight - torch.Size([256, 256]): 
The value is the same before and after calling `init_weights` of VMA  

pts_bbox_head.transformer.encoder.layers.5.attentions.0.sampling_offsets.bias - torch.Size([256]): 
The value is the same before and after calling `init_weights` of VMA  

pts_bbox_head.transformer.encoder.layers.5.attentions.0.attention_weights.weight - torch.Size([128, 256]): 
The value is the same before and after calling `init_weights` of VMA  

pts_bbox_head.transformer.encoder.layers.5.attentions.0.attention_weights.bias - torch.Size([128]): 
The value is the same before and after calling `init_weights` of VMA  

pts_bbox_head.transformer.encoder.layers.5.attentions.0.value_proj.weight - torch.Size([256, 256]): 
Initialized by user-defined `init_weights` in VMAHead  

pts_bbox_head.transformer.encoder.layers.5.attentions.0.value_proj.bias - torch.Size([256]): 
The value is the same before and after calling `init_weights` of VMA  

pts_bbox_head.transformer.encoder.layers.5.attentions.0.output_proj.weight - torch.Size([256, 256]): 
Initialized by user-defined `init_weights` in VMAHead  

pts_bbox_head.transformer.encoder.layers.5.attentions.0.output_proj.bias - torch.Size([256]): 
The value is the same before and after calling `init_weights` of VMA  

pts_bbox_head.transformer.encoder.layers.5.ffns.0.layers.0.0.weight - torch.Size([1024, 256]): 
Initialized by user-defined `init_weights` in VMAHead  

pts_bbox_head.transformer.encoder.layers.5.ffns.0.layers.0.0.bias - torch.Size([1024]): 
The value is the same before and after calling `init_weights` of VMA  

pts_bbox_head.transformer.encoder.layers.5.ffns.0.layers.1.weight - torch.Size([256, 1024]): 
Initialized by user-defined `init_weights` in VMAHead  

pts_bbox_head.transformer.encoder.layers.5.ffns.0.layers.1.bias - torch.Size([256]): 
The value is the same before and after calling `init_weights` of VMA  

pts_bbox_head.transformer.encoder.layers.5.norms.0.weight - torch.Size([256]): 
The value is the same before and after calling `init_weights` of VMA  

pts_bbox_head.transformer.encoder.layers.5.norms.0.bias - torch.Size([256]): 
The value is the same before and after calling `init_weights` of VMA  

pts_bbox_head.transformer.encoder.layers.5.norms.1.weight - torch.Size([256]): 
The value is the same before and after calling `init_weights` of VMA  

pts_bbox_head.transformer.encoder.layers.5.norms.1.bias - torch.Size([256]): 
The value is the same before and after calling `init_weights` of VMA  

pts_bbox_head.transformer.decoder.layers.0.attentions.0.attn.in_proj_weight - torch.Size([768, 256]): 
Initialized by user-defined `init_weights` in VMAHead  

pts_bbox_head.transformer.decoder.layers.0.attentions.0.attn.in_proj_bias - torch.Size([768]): 
The value is the same before and after calling `init_weights` of VMA  

pts_bbox_head.transformer.decoder.layers.0.attentions.0.attn.out_proj.weight - torch.Size([256, 256]): 
Initialized by user-defined `init_weights` in VMAHead  

pts_bbox_head.transformer.decoder.layers.0.attentions.0.attn.out_proj.bias - torch.Size([256]): 
The value is the same before and after calling `init_weights` of VMA  

pts_bbox_head.transformer.decoder.layers.0.attentions.1.sampling_offsets.weight - torch.Size([256, 256]): 
Initialized by user-defined `init_weights` in VMAHead  

pts_bbox_head.transformer.decoder.layers.0.attentions.1.sampling_offsets.bias - torch.Size([256]): 
The value is the same before and after calling `init_weights` of VMA  

pts_bbox_head.transformer.decoder.layers.0.attentions.1.attention_weights.weight - torch.Size([128, 256]): 
Initialized by user-defined `init_weights` in VMAHead  

pts_bbox_head.transformer.decoder.layers.0.attentions.1.attention_weights.bias - torch.Size([128]): 
The value is the same before and after calling `init_weights` of VMA  

pts_bbox_head.transformer.decoder.layers.0.attentions.1.value_proj.weight - torch.Size([256, 256]): 
Initialized by user-defined `init_weights` in VMAHead  

pts_bbox_head.transformer.decoder.layers.0.attentions.1.value_proj.bias - torch.Size([256]): 
The value is the same before and after calling `init_weights` of VMA  

pts_bbox_head.transformer.decoder.layers.0.attentions.1.output_proj.weight - torch.Size([256, 256]): 
Initialized by user-defined `init_weights` in VMAHead  

pts_bbox_head.transformer.decoder.layers.0.attentions.1.output_proj.bias - torch.Size([256]): 
The value is the same before and after calling `init_weights` of VMA  

pts_bbox_head.transformer.decoder.layers.0.ffns.0.layers.0.0.weight - torch.Size([512, 256]): 
Initialized by user-defined `init_weights` in VMAHead  

pts_bbox_head.transformer.decoder.layers.0.ffns.0.layers.0.0.bias - torch.Size([512]): 
The value is the same before and after calling `init_weights` of VMA  

pts_bbox_head.transformer.decoder.layers.0.ffns.0.layers.1.weight - torch.Size([256, 512]): 
Initialized by user-defined `init_weights` in VMAHead  

pts_bbox_head.transformer.decoder.layers.0.ffns.0.layers.1.bias - torch.Size([256]): 
The value is the same before and after calling `init_weights` of VMA  

pts_bbox_head.transformer.decoder.layers.0.norms.0.weight - torch.Size([256]): 
The value is the same before and after calling `init_weights` of VMA  

pts_bbox_head.transformer.decoder.layers.0.norms.0.bias - torch.Size([256]): 
The value is the same before and after calling `init_weights` of VMA  

pts_bbox_head.transformer.decoder.layers.0.norms.1.weight - torch.Size([256]): 
The value is the same before and after calling `init_weights` of VMA  

pts_bbox_head.transformer.decoder.layers.0.norms.1.bias - torch.Size([256]): 
The value is the same before and after calling `init_weights` of VMA  

pts_bbox_head.transformer.decoder.layers.0.norms.2.weight - torch.Size([256]): 
The value is the same before and after calling `init_weights` of VMA  

pts_bbox_head.transformer.decoder.layers.0.norms.2.bias - torch.Size([256]): 
The value is the same before and after calling `init_weights` of VMA  

pts_bbox_head.transformer.decoder.layers.1.attentions.0.attn.in_proj_weight - torch.Size([768, 256]): 
Initialized by user-defined `init_weights` in VMAHead  

pts_bbox_head.transformer.decoder.layers.1.attentions.0.attn.in_proj_bias - torch.Size([768]): 
The value is the same before and after calling `init_weights` of VMA  

pts_bbox_head.transformer.decoder.layers.1.attentions.0.attn.out_proj.weight - torch.Size([256, 256]): 
Initialized by user-defined `init_weights` in VMAHead  

pts_bbox_head.transformer.decoder.layers.1.attentions.0.attn.out_proj.bias - torch.Size([256]): 
The value is the same before and after calling `init_weights` of VMA  

pts_bbox_head.transformer.decoder.layers.1.attentions.1.sampling_offsets.weight - torch.Size([256, 256]): 
Initialized by user-defined `init_weights` in VMAHead  

pts_bbox_head.transformer.decoder.layers.1.attentions.1.sampling_offsets.bias - torch.Size([256]): 
The value is the same before and after calling `init_weights` of VMA  

pts_bbox_head.transformer.decoder.layers.1.attentions.1.attention_weights.weight - torch.Size([128, 256]): 
Initialized by user-defined `init_weights` in VMAHead  

pts_bbox_head.transformer.decoder.layers.1.attentions.1.attention_weights.bias - torch.Size([128]): 
The value is the same before and after calling `init_weights` of VMA  

pts_bbox_head.transformer.decoder.layers.1.attentions.1.value_proj.weight - torch.Size([256, 256]): 
Initialized by user-defined `init_weights` in VMAHead  

pts_bbox_head.transformer.decoder.layers.1.attentions.1.value_proj.bias - torch.Size([256]): 
The value is the same before and after calling `init_weights` of VMA  

pts_bbox_head.transformer.decoder.layers.1.attentions.1.output_proj.weight - torch.Size([256, 256]): 
Initialized by user-defined `init_weights` in VMAHead  

pts_bbox_head.transformer.decoder.layers.1.attentions.1.output_proj.bias - torch.Size([256]): 
The value is the same before and after calling `init_weights` of VMA  

pts_bbox_head.transformer.decoder.layers.1.ffns.0.layers.0.0.weight - torch.Size([512, 256]): 
Initialized by user-defined `init_weights` in VMAHead  

pts_bbox_head.transformer.decoder.layers.1.ffns.0.layers.0.0.bias - torch.Size([512]): 
The value is the same before and after calling `init_weights` of VMA  

pts_bbox_head.transformer.decoder.layers.1.ffns.0.layers.1.weight - torch.Size([256, 512]): 
Initialized by user-defined `init_weights` in VMAHead  

pts_bbox_head.transformer.decoder.layers.1.ffns.0.layers.1.bias - torch.Size([256]): 
The value is the same before and after calling `init_weights` of VMA  

pts_bbox_head.transformer.decoder.layers.1.norms.0.weight - torch.Size([256]): 
The value is the same before and after calling `init_weights` of VMA  

pts_bbox_head.transformer.decoder.layers.1.norms.0.bias - torch.Size([256]): 
The value is the same before and after calling `init_weights` of VMA  

pts_bbox_head.transformer.decoder.layers.1.norms.1.weight - torch.Size([256]): 
The value is the same before and after calling `init_weights` of VMA  

pts_bbox_head.transformer.decoder.layers.1.norms.1.bias - torch.Size([256]): 
The value is the same before and after calling `init_weights` of VMA  

pts_bbox_head.transformer.decoder.layers.1.norms.2.weight - torch.Size([256]): 
The value is the same before and after calling `init_weights` of VMA  

pts_bbox_head.transformer.decoder.layers.1.norms.2.bias - torch.Size([256]): 
The value is the same before and after calling `init_weights` of VMA  

pts_bbox_head.transformer.decoder.layers.2.attentions.0.attn.in_proj_weight - torch.Size([768, 256]): 
Initialized by user-defined `init_weights` in VMAHead  

pts_bbox_head.transformer.decoder.layers.2.attentions.0.attn.in_proj_bias - torch.Size([768]): 
The value is the same before and after calling `init_weights` of VMA  

pts_bbox_head.transformer.decoder.layers.2.attentions.0.attn.out_proj.weight - torch.Size([256, 256]): 
Initialized by user-defined `init_weights` in VMAHead  

pts_bbox_head.transformer.decoder.layers.2.attentions.0.attn.out_proj.bias - torch.Size([256]): 
The value is the same before and after calling `init_weights` of VMA  

pts_bbox_head.transformer.decoder.layers.2.attentions.1.sampling_offsets.weight - torch.Size([256, 256]): 
Initialized by user-defined `init_weights` in VMAHead  

pts_bbox_head.transformer.decoder.layers.2.attentions.1.sampling_offsets.bias - torch.Size([256]): 
The value is the same before and after calling `init_weights` of VMA  

pts_bbox_head.transformer.decoder.layers.2.attentions.1.attention_weights.weight - torch.Size([128, 256]): 
Initialized by user-defined `init_weights` in VMAHead  

pts_bbox_head.transformer.decoder.layers.2.attentions.1.attention_weights.bias - torch.Size([128]): 
The value is the same before and after calling `init_weights` of VMA  

pts_bbox_head.transformer.decoder.layers.2.attentions.1.value_proj.weight - torch.Size([256, 256]): 
Initialized by user-defined `init_weights` in VMAHead  

pts_bbox_head.transformer.decoder.layers.2.attentions.1.value_proj.bias - torch.Size([256]): 
The value is the same before and after calling `init_weights` of VMA  

pts_bbox_head.transformer.decoder.layers.2.attentions.1.output_proj.weight - torch.Size([256, 256]): 
Initialized by user-defined `init_weights` in VMAHead  

pts_bbox_head.transformer.decoder.layers.2.attentions.1.output_proj.bias - torch.Size([256]): 
The value is the same before and after calling `init_weights` of VMA  

pts_bbox_head.transformer.decoder.layers.2.ffns.0.layers.0.0.weight - torch.Size([512, 256]): 
Initialized by user-defined `init_weights` in VMAHead  

pts_bbox_head.transformer.decoder.layers.2.ffns.0.layers.0.0.bias - torch.Size([512]): 
The value is the same before and after calling `init_weights` of VMA  

pts_bbox_head.transformer.decoder.layers.2.ffns.0.layers.1.weight - torch.Size([256, 512]): 
Initialized by user-defined `init_weights` in VMAHead  

pts_bbox_head.transformer.decoder.layers.2.ffns.0.layers.1.bias - torch.Size([256]): 
The value is the same before and after calling `init_weights` of VMA  

pts_bbox_head.transformer.decoder.layers.2.norms.0.weight - torch.Size([256]): 
The value is the same before and after calling `init_weights` of VMA  

pts_bbox_head.transformer.decoder.layers.2.norms.0.bias - torch.Size([256]): 
The value is the same before and after calling `init_weights` of VMA  

pts_bbox_head.transformer.decoder.layers.2.norms.1.weight - torch.Size([256]): 
The value is the same before and after calling `init_weights` of VMA  

pts_bbox_head.transformer.decoder.layers.2.norms.1.bias - torch.Size([256]): 
The value is the same before and after calling `init_weights` of VMA  

pts_bbox_head.transformer.decoder.layers.2.norms.2.weight - torch.Size([256]): 
The value is the same before and after calling `init_weights` of VMA  

pts_bbox_head.transformer.decoder.layers.2.norms.2.bias - torch.Size([256]): 
The value is the same before and after calling `init_weights` of VMA  

pts_bbox_head.transformer.decoder.layers.3.attentions.0.attn.in_proj_weight - torch.Size([768, 256]): 
Initialized by user-defined `init_weights` in VMAHead  

pts_bbox_head.transformer.decoder.layers.3.attentions.0.attn.in_proj_bias - torch.Size([768]): 
The value is the same before and after calling `init_weights` of VMA  

pts_bbox_head.transformer.decoder.layers.3.attentions.0.attn.out_proj.weight - torch.Size([256, 256]): 
Initialized by user-defined `init_weights` in VMAHead  

pts_bbox_head.transformer.decoder.layers.3.attentions.0.attn.out_proj.bias - torch.Size([256]): 
The value is the same before and after calling `init_weights` of VMA  

pts_bbox_head.transformer.decoder.layers.3.attentions.1.sampling_offsets.weight - torch.Size([256, 256]): 
Initialized by user-defined `init_weights` in VMAHead  

pts_bbox_head.transformer.decoder.layers.3.attentions.1.sampling_offsets.bias - torch.Size([256]): 
The value is the same before and after calling `init_weights` of VMA  

pts_bbox_head.transformer.decoder.layers.3.attentions.1.attention_weights.weight - torch.Size([128, 256]): 
Initialized by user-defined `init_weights` in VMAHead  

pts_bbox_head.transformer.decoder.layers.3.attentions.1.attention_weights.bias - torch.Size([128]): 
The value is the same before and after calling `init_weights` of VMA  

pts_bbox_head.transformer.decoder.layers.3.attentions.1.value_proj.weight - torch.Size([256, 256]): 
Initialized by user-defined `init_weights` in VMAHead  

pts_bbox_head.transformer.decoder.layers.3.attentions.1.value_proj.bias - torch.Size([256]): 
The value is the same before and after calling `init_weights` of VMA  

pts_bbox_head.transformer.decoder.layers.3.attentions.1.output_proj.weight - torch.Size([256, 256]): 
Initialized by user-defined `init_weights` in VMAHead  

pts_bbox_head.transformer.decoder.layers.3.attentions.1.output_proj.bias - torch.Size([256]): 
The value is the same before and after calling `init_weights` of VMA  

pts_bbox_head.transformer.decoder.layers.3.ffns.0.layers.0.0.weight - torch.Size([512, 256]): 
Initialized by user-defined `init_weights` in VMAHead  

pts_bbox_head.transformer.decoder.layers.3.ffns.0.layers.0.0.bias - torch.Size([512]): 
The value is the same before and after calling `init_weights` of VMA  

pts_bbox_head.transformer.decoder.layers.3.ffns.0.layers.1.weight - torch.Size([256, 512]): 
Initialized by user-defined `init_weights` in VMAHead  

pts_bbox_head.transformer.decoder.layers.3.ffns.0.layers.1.bias - torch.Size([256]): 
The value is the same before and after calling `init_weights` of VMA  

pts_bbox_head.transformer.decoder.layers.3.norms.0.weight - torch.Size([256]): 
The value is the same before and after calling `init_weights` of VMA  

pts_bbox_head.transformer.decoder.layers.3.norms.0.bias - torch.Size([256]): 
The value is the same before and after calling `init_weights` of VMA  

pts_bbox_head.transformer.decoder.layers.3.norms.1.weight - torch.Size([256]): 
The value is the same before and after calling `init_weights` of VMA  

pts_bbox_head.transformer.decoder.layers.3.norms.1.bias - torch.Size([256]): 
The value is the same before and after calling `init_weights` of VMA  

pts_bbox_head.transformer.decoder.layers.3.norms.2.weight - torch.Size([256]): 
The value is the same before and after calling `init_weights` of VMA  

pts_bbox_head.transformer.decoder.layers.3.norms.2.bias - torch.Size([256]): 
The value is the same before and after calling `init_weights` of VMA  

pts_bbox_head.transformer.decoder.layers.4.attentions.0.attn.in_proj_weight - torch.Size([768, 256]): 
Initialized by user-defined `init_weights` in VMAHead  

pts_bbox_head.transformer.decoder.layers.4.attentions.0.attn.in_proj_bias - torch.Size([768]): 
The value is the same before and after calling `init_weights` of VMA  

pts_bbox_head.transformer.decoder.layers.4.attentions.0.attn.out_proj.weight - torch.Size([256, 256]): 
Initialized by user-defined `init_weights` in VMAHead  

pts_bbox_head.transformer.decoder.layers.4.attentions.0.attn.out_proj.bias - torch.Size([256]): 
The value is the same before and after calling `init_weights` of VMA  

pts_bbox_head.transformer.decoder.layers.4.attentions.1.sampling_offsets.weight - torch.Size([256, 256]): 
Initialized by user-defined `init_weights` in VMAHead  

pts_bbox_head.transformer.decoder.layers.4.attentions.1.sampling_offsets.bias - torch.Size([256]): 
The value is the same before and after calling `init_weights` of VMA  

pts_bbox_head.transformer.decoder.layers.4.attentions.1.attention_weights.weight - torch.Size([128, 256]): 
Initialized by user-defined `init_weights` in VMAHead  

pts_bbox_head.transformer.decoder.layers.4.attentions.1.attention_weights.bias - torch.Size([128]): 
The value is the same before and after calling `init_weights` of VMA  

pts_bbox_head.transformer.decoder.layers.4.attentions.1.value_proj.weight - torch.Size([256, 256]): 
Initialized by user-defined `init_weights` in VMAHead  

pts_bbox_head.transformer.decoder.layers.4.attentions.1.value_proj.bias - torch.Size([256]): 
The value is the same before and after calling `init_weights` of VMA  

pts_bbox_head.transformer.decoder.layers.4.attentions.1.output_proj.weight - torch.Size([256, 256]): 
Initialized by user-defined `init_weights` in VMAHead  

pts_bbox_head.transformer.decoder.layers.4.attentions.1.output_proj.bias - torch.Size([256]): 
The value is the same before and after calling `init_weights` of VMA  

pts_bbox_head.transformer.decoder.layers.4.ffns.0.layers.0.0.weight - torch.Size([512, 256]): 
Initialized by user-defined `init_weights` in VMAHead  

pts_bbox_head.transformer.decoder.layers.4.ffns.0.layers.0.0.bias - torch.Size([512]): 
The value is the same before and after calling `init_weights` of VMA  

pts_bbox_head.transformer.decoder.layers.4.ffns.0.layers.1.weight - torch.Size([256, 512]): 
Initialized by user-defined `init_weights` in VMAHead  

pts_bbox_head.transformer.decoder.layers.4.ffns.0.layers.1.bias - torch.Size([256]): 
The value is the same before and after calling `init_weights` of VMA  

pts_bbox_head.transformer.decoder.layers.4.norms.0.weight - torch.Size([256]): 
The value is the same before and after calling `init_weights` of VMA  

pts_bbox_head.transformer.decoder.layers.4.norms.0.bias - torch.Size([256]): 
The value is the same before and after calling `init_weights` of VMA  

pts_bbox_head.transformer.decoder.layers.4.norms.1.weight - torch.Size([256]): 
The value is the same before and after calling `init_weights` of VMA  

pts_bbox_head.transformer.decoder.layers.4.norms.1.bias - torch.Size([256]): 
The value is the same before and after calling `init_weights` of VMA  

pts_bbox_head.transformer.decoder.layers.4.norms.2.weight - torch.Size([256]): 
The value is the same before and after calling `init_weights` of VMA  

pts_bbox_head.transformer.decoder.layers.4.norms.2.bias - torch.Size([256]): 
The value is the same before and after calling `init_weights` of VMA  

pts_bbox_head.transformer.decoder.layers.5.attentions.0.attn.in_proj_weight - torch.Size([768, 256]): 
Initialized by user-defined `init_weights` in VMAHead  

pts_bbox_head.transformer.decoder.layers.5.attentions.0.attn.in_proj_bias - torch.Size([768]): 
The value is the same before and after calling `init_weights` of VMA  

pts_bbox_head.transformer.decoder.layers.5.attentions.0.attn.out_proj.weight - torch.Size([256, 256]): 
Initialized by user-defined `init_weights` in VMAHead  

pts_bbox_head.transformer.decoder.layers.5.attentions.0.attn.out_proj.bias - torch.Size([256]): 
The value is the same before and after calling `init_weights` of VMA  

pts_bbox_head.transformer.decoder.layers.5.attentions.1.sampling_offsets.weight - torch.Size([256, 256]): 
Initialized by user-defined `init_weights` in VMAHead  

pts_bbox_head.transformer.decoder.layers.5.attentions.1.sampling_offsets.bias - torch.Size([256]): 
The value is the same before and after calling `init_weights` of VMA  

pts_bbox_head.transformer.decoder.layers.5.attentions.1.attention_weights.weight - torch.Size([128, 256]): 
Initialized by user-defined `init_weights` in VMAHead  

pts_bbox_head.transformer.decoder.layers.5.attentions.1.attention_weights.bias - torch.Size([128]): 
The value is the same before and after calling `init_weights` of VMA  

pts_bbox_head.transformer.decoder.layers.5.attentions.1.value_proj.weight - torch.Size([256, 256]): 
Initialized by user-defined `init_weights` in VMAHead  

pts_bbox_head.transformer.decoder.layers.5.attentions.1.value_proj.bias - torch.Size([256]): 
The value is the same before and after calling `init_weights` of VMA  

pts_bbox_head.transformer.decoder.layers.5.attentions.1.output_proj.weight - torch.Size([256, 256]): 
Initialized by user-defined `init_weights` in VMAHead  

pts_bbox_head.transformer.decoder.layers.5.attentions.1.output_proj.bias - torch.Size([256]): 
The value is the same before and after calling `init_weights` of VMA  

pts_bbox_head.transformer.decoder.layers.5.ffns.0.layers.0.0.weight - torch.Size([512, 256]): 
Initialized by user-defined `init_weights` in VMAHead  

pts_bbox_head.transformer.decoder.layers.5.ffns.0.layers.0.0.bias - torch.Size([512]): 
The value is the same before and after calling `init_weights` of VMA  

pts_bbox_head.transformer.decoder.layers.5.ffns.0.layers.1.weight - torch.Size([256, 512]): 
Initialized by user-defined `init_weights` in VMAHead  

pts_bbox_head.transformer.decoder.layers.5.ffns.0.layers.1.bias - torch.Size([256]): 
The value is the same before and after calling `init_weights` of VMA  

pts_bbox_head.transformer.decoder.layers.5.norms.0.weight - torch.Size([256]): 
The value is the same before and after calling `init_weights` of VMA  

pts_bbox_head.transformer.decoder.layers.5.norms.0.bias - torch.Size([256]): 
The value is the same before and after calling `init_weights` of VMA  

pts_bbox_head.transformer.decoder.layers.5.norms.1.weight - torch.Size([256]): 
The value is the same before and after calling `init_weights` of VMA  

pts_bbox_head.transformer.decoder.layers.5.norms.1.bias - torch.Size([256]): 
The value is the same before and after calling `init_weights` of VMA  

pts_bbox_head.transformer.decoder.layers.5.norms.2.weight - torch.Size([256]): 
The value is the same before and after calling `init_weights` of VMA  

pts_bbox_head.transformer.decoder.layers.5.norms.2.bias - torch.Size([256]): 
The value is the same before and after calling `init_weights` of VMA  

pts_bbox_head.transformer.reference_points.weight - torch.Size([2, 256]): 
Initialized by user-defined `init_weights` in VMAHead  

pts_bbox_head.transformer.reference_points.bias - torch.Size([2]): 
Initialized by user-defined `init_weights` in VMAHead  

pts_bbox_head.cls_branches.0.0.weight - torch.Size([256, 256]): 
The value is the same before and after calling `init_weights` of VMA  

pts_bbox_head.cls_branches.0.0.bias - torch.Size([256]): 
The value is the same before and after calling `init_weights` of VMA  

pts_bbox_head.cls_branches.0.1.weight - torch.Size([256]): 
The value is the same before and after calling `init_weights` of VMA  

pts_bbox_head.cls_branches.0.1.bias - torch.Size([256]): 
The value is the same before and after calling `init_weights` of VMA  

pts_bbox_head.cls_branches.0.3.weight - torch.Size([256, 256]): 
The value is the same before and after calling `init_weights` of VMA  

pts_bbox_head.cls_branches.0.3.bias - torch.Size([256]): 
The value is the same before and after calling `init_weights` of VMA  

pts_bbox_head.cls_branches.0.4.weight - torch.Size([256]): 
The value is the same before and after calling `init_weights` of VMA  

pts_bbox_head.cls_branches.0.4.bias - torch.Size([256]): 
The value is the same before and after calling `init_weights` of VMA  

pts_bbox_head.cls_branches.0.6.weight - torch.Size([3, 256]): 
The value is the same before and after calling `init_weights` of VMA  

pts_bbox_head.cls_branches.0.6.bias - torch.Size([3]): 
Initialized by user-defined `init_weights` in VMAHead  

pts_bbox_head.cls_branches.1.0.weight - torch.Size([256, 256]): 
The value is the same before and after calling `init_weights` of VMA  

pts_bbox_head.cls_branches.1.0.bias - torch.Size([256]): 
The value is the same before and after calling `init_weights` of VMA  

pts_bbox_head.cls_branches.1.1.weight - torch.Size([256]): 
The value is the same before and after calling `init_weights` of VMA  

pts_bbox_head.cls_branches.1.1.bias - torch.Size([256]): 
The value is the same before and after calling `init_weights` of VMA  

pts_bbox_head.cls_branches.1.3.weight - torch.Size([256, 256]): 
The value is the same before and after calling `init_weights` of VMA  

pts_bbox_head.cls_branches.1.3.bias - torch.Size([256]): 
The value is the same before and after calling `init_weights` of VMA  

pts_bbox_head.cls_branches.1.4.weight - torch.Size([256]): 
The value is the same before and after calling `init_weights` of VMA  

pts_bbox_head.cls_branches.1.4.bias - torch.Size([256]): 
The value is the same before and after calling `init_weights` of VMA  

pts_bbox_head.cls_branches.1.6.weight - torch.Size([3, 256]): 
The value is the same before and after calling `init_weights` of VMA  

pts_bbox_head.cls_branches.1.6.bias - torch.Size([3]): 
Initialized by user-defined `init_weights` in VMAHead  

pts_bbox_head.cls_branches.2.0.weight - torch.Size([256, 256]): 
The value is the same before and after calling `init_weights` of VMA  

pts_bbox_head.cls_branches.2.0.bias - torch.Size([256]): 
The value is the same before and after calling `init_weights` of VMA  

pts_bbox_head.cls_branches.2.1.weight - torch.Size([256]): 
The value is the same before and after calling `init_weights` of VMA  

pts_bbox_head.cls_branches.2.1.bias - torch.Size([256]): 
The value is the same before and after calling `init_weights` of VMA  

pts_bbox_head.cls_branches.2.3.weight - torch.Size([256, 256]): 
The value is the same before and after calling `init_weights` of VMA  

pts_bbox_head.cls_branches.2.3.bias - torch.Size([256]): 
The value is the same before and after calling `init_weights` of VMA  

pts_bbox_head.cls_branches.2.4.weight - torch.Size([256]): 
The value is the same before and after calling `init_weights` of VMA  

pts_bbox_head.cls_branches.2.4.bias - torch.Size([256]): 
The value is the same before and after calling `init_weights` of VMA  

pts_bbox_head.cls_branches.2.6.weight - torch.Size([3, 256]): 
The value is the same before and after calling `init_weights` of VMA  

pts_bbox_head.cls_branches.2.6.bias - torch.Size([3]): 
Initialized by user-defined `init_weights` in VMAHead  

pts_bbox_head.cls_branches.3.0.weight - torch.Size([256, 256]): 
The value is the same before and after calling `init_weights` of VMA  

pts_bbox_head.cls_branches.3.0.bias - torch.Size([256]): 
The value is the same before and after calling `init_weights` of VMA  

pts_bbox_head.cls_branches.3.1.weight - torch.Size([256]): 
The value is the same before and after calling `init_weights` of VMA  

pts_bbox_head.cls_branches.3.1.bias - torch.Size([256]): 
The value is the same before and after calling `init_weights` of VMA  

pts_bbox_head.cls_branches.3.3.weight - torch.Size([256, 256]): 
The value is the same before and after calling `init_weights` of VMA  

pts_bbox_head.cls_branches.3.3.bias - torch.Size([256]): 
The value is the same before and after calling `init_weights` of VMA  

pts_bbox_head.cls_branches.3.4.weight - torch.Size([256]): 
The value is the same before and after calling `init_weights` of VMA  

pts_bbox_head.cls_branches.3.4.bias - torch.Size([256]): 
The value is the same before and after calling `init_weights` of VMA  

pts_bbox_head.cls_branches.3.6.weight - torch.Size([3, 256]): 
The value is the same before and after calling `init_weights` of VMA  

pts_bbox_head.cls_branches.3.6.bias - torch.Size([3]): 
Initialized by user-defined `init_weights` in VMAHead  

pts_bbox_head.cls_branches.4.0.weight - torch.Size([256, 256]): 
The value is the same before and after calling `init_weights` of VMA  

pts_bbox_head.cls_branches.4.0.bias - torch.Size([256]): 
The value is the same before and after calling `init_weights` of VMA  

pts_bbox_head.cls_branches.4.1.weight - torch.Size([256]): 
The value is the same before and after calling `init_weights` of VMA  

pts_bbox_head.cls_branches.4.1.bias - torch.Size([256]): 
The value is the same before and after calling `init_weights` of VMA  

pts_bbox_head.cls_branches.4.3.weight - torch.Size([256, 256]): 
The value is the same before and after calling `init_weights` of VMA  

pts_bbox_head.cls_branches.4.3.bias - torch.Size([256]): 
The value is the same before and after calling `init_weights` of VMA  

pts_bbox_head.cls_branches.4.4.weight - torch.Size([256]): 
The value is the same before and after calling `init_weights` of VMA  

pts_bbox_head.cls_branches.4.4.bias - torch.Size([256]): 
The value is the same before and after calling `init_weights` of VMA  

pts_bbox_head.cls_branches.4.6.weight - torch.Size([3, 256]): 
The value is the same before and after calling `init_weights` of VMA  

pts_bbox_head.cls_branches.4.6.bias - torch.Size([3]): 
Initialized by user-defined `init_weights` in VMAHead  

pts_bbox_head.cls_branches.5.0.weight - torch.Size([256, 256]): 
The value is the same before and after calling `init_weights` of VMA  

pts_bbox_head.cls_branches.5.0.bias - torch.Size([256]): 
The value is the same before and after calling `init_weights` of VMA  

pts_bbox_head.cls_branches.5.1.weight - torch.Size([256]): 
The value is the same before and after calling `init_weights` of VMA  

pts_bbox_head.cls_branches.5.1.bias - torch.Size([256]): 
The value is the same before and after calling `init_weights` of VMA  

pts_bbox_head.cls_branches.5.3.weight - torch.Size([256, 256]): 
The value is the same before and after calling `init_weights` of VMA  

pts_bbox_head.cls_branches.5.3.bias - torch.Size([256]): 
The value is the same before and after calling `init_weights` of VMA  

pts_bbox_head.cls_branches.5.4.weight - torch.Size([256]): 
The value is the same before and after calling `init_weights` of VMA  

pts_bbox_head.cls_branches.5.4.bias - torch.Size([256]): 
The value is the same before and after calling `init_weights` of VMA  

pts_bbox_head.cls_branches.5.6.weight - torch.Size([3, 256]): 
The value is the same before and after calling `init_weights` of VMA  

pts_bbox_head.cls_branches.5.6.bias - torch.Size([3]): 
Initialized by user-defined `init_weights` in VMAHead  

pts_bbox_head.reg_branches.0.0.weight - torch.Size([256, 256]): 
The value is the same before and after calling `init_weights` of VMA  

pts_bbox_head.reg_branches.0.0.bias - torch.Size([256]): 
The value is the same before and after calling `init_weights` of VMA  

pts_bbox_head.reg_branches.0.2.weight - torch.Size([256, 256]): 
The value is the same before and after calling `init_weights` of VMA  

pts_bbox_head.reg_branches.0.2.bias - torch.Size([256]): 
The value is the same before and after calling `init_weights` of VMA  

pts_bbox_head.reg_branches.0.4.weight - torch.Size([2, 256]): 
Initialized by user-defined `init_weights` in VMAHead  

pts_bbox_head.reg_branches.0.4.bias - torch.Size([2]): 
Initialized by user-defined `init_weights` in VMAHead  

pts_bbox_head.reg_branches.1.0.weight - torch.Size([256, 256]): 
The value is the same before and after calling `init_weights` of VMA  

pts_bbox_head.reg_branches.1.0.bias - torch.Size([256]): 
The value is the same before and after calling `init_weights` of VMA  

pts_bbox_head.reg_branches.1.2.weight - torch.Size([256, 256]): 
The value is the same before and after calling `init_weights` of VMA  

pts_bbox_head.reg_branches.1.2.bias - torch.Size([256]): 
The value is the same before and after calling `init_weights` of VMA  

pts_bbox_head.reg_branches.1.4.weight - torch.Size([2, 256]): 
Initialized by user-defined `init_weights` in VMAHead  

pts_bbox_head.reg_branches.1.4.bias - torch.Size([2]): 
Initialized by user-defined `init_weights` in VMAHead  

pts_bbox_head.reg_branches.2.0.weight - torch.Size([256, 256]): 
The value is the same before and after calling `init_weights` of VMA  

pts_bbox_head.reg_branches.2.0.bias - torch.Size([256]): 
The value is the same before and after calling `init_weights` of VMA  

pts_bbox_head.reg_branches.2.2.weight - torch.Size([256, 256]): 
The value is the same before and after calling `init_weights` of VMA  

pts_bbox_head.reg_branches.2.2.bias - torch.Size([256]): 
The value is the same before and after calling `init_weights` of VMA  

pts_bbox_head.reg_branches.2.4.weight - torch.Size([2, 256]): 
Initialized by user-defined `init_weights` in VMAHead  

pts_bbox_head.reg_branches.2.4.bias - torch.Size([2]): 
Initialized by user-defined `init_weights` in VMAHead  

pts_bbox_head.reg_branches.3.0.weight - torch.Size([256, 256]): 
The value is the same before and after calling `init_weights` of VMA  

pts_bbox_head.reg_branches.3.0.bias - torch.Size([256]): 
The value is the same before and after calling `init_weights` of VMA  

pts_bbox_head.reg_branches.3.2.weight - torch.Size([256, 256]): 
The value is the same before and after calling `init_weights` of VMA  

pts_bbox_head.reg_branches.3.2.bias - torch.Size([256]): 
The value is the same before and after calling `init_weights` of VMA  

pts_bbox_head.reg_branches.3.4.weight - torch.Size([2, 256]): 
Initialized by user-defined `init_weights` in VMAHead  

pts_bbox_head.reg_branches.3.4.bias - torch.Size([2]): 
Initialized by user-defined `init_weights` in VMAHead  

pts_bbox_head.reg_branches.4.0.weight - torch.Size([256, 256]): 
The value is the same before and after calling `init_weights` of VMA  

pts_bbox_head.reg_branches.4.0.bias - torch.Size([256]): 
The value is the same before and after calling `init_weights` of VMA  

pts_bbox_head.reg_branches.4.2.weight - torch.Size([256, 256]): 
The value is the same before and after calling `init_weights` of VMA  

pts_bbox_head.reg_branches.4.2.bias - torch.Size([256]): 
The value is the same before and after calling `init_weights` of VMA  

pts_bbox_head.reg_branches.4.4.weight - torch.Size([2, 256]): 
Initialized by user-defined `init_weights` in VMAHead  

pts_bbox_head.reg_branches.4.4.bias - torch.Size([2]): 
Initialized by user-defined `init_weights` in VMAHead  

pts_bbox_head.reg_branches.5.0.weight - torch.Size([256, 256]): 
The value is the same before and after calling `init_weights` of VMA  

pts_bbox_head.reg_branches.5.0.bias - torch.Size([256]): 
The value is the same before and after calling `init_weights` of VMA  

pts_bbox_head.reg_branches.5.2.weight - torch.Size([256, 256]): 
The value is the same before and after calling `init_weights` of VMA  

pts_bbox_head.reg_branches.5.2.bias - torch.Size([256]): 
The value is the same before and after calling `init_weights` of VMA  

pts_bbox_head.reg_branches.5.4.weight - torch.Size([2, 256]): 
Initialized by user-defined `init_weights` in VMAHead  

pts_bbox_head.reg_branches.5.4.bias - torch.Size([2]): 
Initialized by user-defined `init_weights` in VMAHead  

pts_bbox_head.attr_head_branches.0.attr_0_out_10_class_head.0.weight - torch.Size([256, 256]): 
The value is the same before and after calling `init_weights` of VMA  

pts_bbox_head.attr_head_branches.0.attr_0_out_10_class_head.0.bias - torch.Size([256]): 
The value is the same before and after calling `init_weights` of VMA  

pts_bbox_head.attr_head_branches.0.attr_0_out_10_class_head.1.weight - torch.Size([256]): 
The value is the same before and after calling `init_weights` of VMA  

pts_bbox_head.attr_head_branches.0.attr_0_out_10_class_head.1.bias - torch.Size([256]): 
The value is the same before and after calling `init_weights` of VMA  

pts_bbox_head.attr_head_branches.0.attr_0_out_10_class_head.3.weight - torch.Size([256, 256]): 
The value is the same before and after calling `init_weights` of VMA  

pts_bbox_head.attr_head_branches.0.attr_0_out_10_class_head.3.bias - torch.Size([256]): 
The value is the same before and after calling `init_weights` of VMA  

pts_bbox_head.attr_head_branches.0.attr_0_out_10_class_head.4.weight - torch.Size([256]): 
The value is the same before and after calling `init_weights` of VMA  

pts_bbox_head.attr_head_branches.0.attr_0_out_10_class_head.4.bias - torch.Size([256]): 
The value is the same before and after calling `init_weights` of VMA  

pts_bbox_head.attr_head_branches.0.attr_0_out_10_class_head.6.weight - torch.Size([10, 256]): 
The value is the same before and after calling `init_weights` of VMA  

pts_bbox_head.attr_head_branches.0.attr_0_out_10_class_head.6.bias - torch.Size([10]): 
The value is the same before and after calling `init_weights` of VMA  

pts_bbox_head.attr_head_branches.0.attr_1_out_7_class_head.0.weight - torch.Size([256, 256]): 
The value is the same before and after calling `init_weights` of VMA  

pts_bbox_head.attr_head_branches.0.attr_1_out_7_class_head.0.bias - torch.Size([256]): 
The value is the same before and after calling `init_weights` of VMA  

pts_bbox_head.attr_head_branches.0.attr_1_out_7_class_head.1.weight - torch.Size([256]): 
The value is the same before and after calling `init_weights` of VMA  

pts_bbox_head.attr_head_branches.0.attr_1_out_7_class_head.1.bias - torch.Size([256]): 
The value is the same before and after calling `init_weights` of VMA  

pts_bbox_head.attr_head_branches.0.attr_1_out_7_class_head.3.weight - torch.Size([256, 256]): 
The value is the same before and after calling `init_weights` of VMA  

pts_bbox_head.attr_head_branches.0.attr_1_out_7_class_head.3.bias - torch.Size([256]): 
The value is the same before and after calling `init_weights` of VMA  

pts_bbox_head.attr_head_branches.0.attr_1_out_7_class_head.4.weight - torch.Size([256]): 
The value is the same before and after calling `init_weights` of VMA  

pts_bbox_head.attr_head_branches.0.attr_1_out_7_class_head.4.bias - torch.Size([256]): 
The value is the same before and after calling `init_weights` of VMA  

pts_bbox_head.attr_head_branches.0.attr_1_out_7_class_head.6.weight - torch.Size([7, 256]): 
The value is the same before and after calling `init_weights` of VMA  

pts_bbox_head.attr_head_branches.0.attr_1_out_7_class_head.6.bias - torch.Size([7]): 
The value is the same before and after calling `init_weights` of VMA  

pts_bbox_head.attr_head_branches.0.attr_2_out_5_class_head.0.weight - torch.Size([256, 256]): 
The value is the same before and after calling `init_weights` of VMA  

pts_bbox_head.attr_head_branches.0.attr_2_out_5_class_head.0.bias - torch.Size([256]): 
The value is the same before and after calling `init_weights` of VMA  

pts_bbox_head.attr_head_branches.0.attr_2_out_5_class_head.1.weight - torch.Size([256]): 
The value is the same before and after calling `init_weights` of VMA  

pts_bbox_head.attr_head_branches.0.attr_2_out_5_class_head.1.bias - torch.Size([256]): 
The value is the same before and after calling `init_weights` of VMA  

pts_bbox_head.attr_head_branches.0.attr_2_out_5_class_head.3.weight - torch.Size([256, 256]): 
The value is the same before and after calling `init_weights` of VMA  

pts_bbox_head.attr_head_branches.0.attr_2_out_5_class_head.3.bias - torch.Size([256]): 
The value is the same before and after calling `init_weights` of VMA  

pts_bbox_head.attr_head_branches.0.attr_2_out_5_class_head.4.weight - torch.Size([256]): 
The value is the same before and after calling `init_weights` of VMA  

pts_bbox_head.attr_head_branches.0.attr_2_out_5_class_head.4.bias - torch.Size([256]): 
The value is the same before and after calling `init_weights` of VMA  

pts_bbox_head.attr_head_branches.0.attr_2_out_5_class_head.6.weight - torch.Size([5, 256]): 
The value is the same before and after calling `init_weights` of VMA  

pts_bbox_head.attr_head_branches.0.attr_2_out_5_class_head.6.bias - torch.Size([5]): 
The value is the same before and after calling `init_weights` of VMA  

pts_bbox_head.attr_head_branches.0.attr_3_out_8_class_head.0.weight - torch.Size([256, 256]): 
The value is the same before and after calling `init_weights` of VMA  

pts_bbox_head.attr_head_branches.0.attr_3_out_8_class_head.0.bias - torch.Size([256]): 
The value is the same before and after calling `init_weights` of VMA  

pts_bbox_head.attr_head_branches.0.attr_3_out_8_class_head.1.weight - torch.Size([256]): 
The value is the same before and after calling `init_weights` of VMA  

pts_bbox_head.attr_head_branches.0.attr_3_out_8_class_head.1.bias - torch.Size([256]): 
The value is the same before and after calling `init_weights` of VMA  

pts_bbox_head.attr_head_branches.0.attr_3_out_8_class_head.3.weight - torch.Size([256, 256]): 
The value is the same before and after calling `init_weights` of VMA  

pts_bbox_head.attr_head_branches.0.attr_3_out_8_class_head.3.bias - torch.Size([256]): 
The value is the same before and after calling `init_weights` of VMA  

pts_bbox_head.attr_head_branches.0.attr_3_out_8_class_head.4.weight - torch.Size([256]): 
The value is the same before and after calling `init_weights` of VMA  

pts_bbox_head.attr_head_branches.0.attr_3_out_8_class_head.4.bias - torch.Size([256]): 
The value is the same before and after calling `init_weights` of VMA  

pts_bbox_head.attr_head_branches.0.attr_3_out_8_class_head.6.weight - torch.Size([8, 256]): 
The value is the same before and after calling `init_weights` of VMA  

pts_bbox_head.attr_head_branches.0.attr_3_out_8_class_head.6.bias - torch.Size([8]): 
The value is the same before and after calling `init_weights` of VMA  

pts_bbox_head.attr_head_branches.0.attr_4_out_3_class_head.0.weight - torch.Size([256, 256]): 
The value is the same before and after calling `init_weights` of VMA  

pts_bbox_head.attr_head_branches.0.attr_4_out_3_class_head.0.bias - torch.Size([256]): 
The value is the same before and after calling `init_weights` of VMA  

pts_bbox_head.attr_head_branches.0.attr_4_out_3_class_head.1.weight - torch.Size([256]): 
The value is the same before and after calling `init_weights` of VMA  

pts_bbox_head.attr_head_branches.0.attr_4_out_3_class_head.1.bias - torch.Size([256]): 
The value is the same before and after calling `init_weights` of VMA  

pts_bbox_head.attr_head_branches.0.attr_4_out_3_class_head.3.weight - torch.Size([256, 256]): 
The value is the same before and after calling `init_weights` of VMA  

pts_bbox_head.attr_head_branches.0.attr_4_out_3_class_head.3.bias - torch.Size([256]): 
The value is the same before and after calling `init_weights` of VMA  

pts_bbox_head.attr_head_branches.0.attr_4_out_3_class_head.4.weight - torch.Size([256]): 
The value is the same before and after calling `init_weights` of VMA  

pts_bbox_head.attr_head_branches.0.attr_4_out_3_class_head.4.bias - torch.Size([256]): 
The value is the same before and after calling `init_weights` of VMA  

pts_bbox_head.attr_head_branches.0.attr_4_out_3_class_head.6.weight - torch.Size([3, 256]): 
The value is the same before and after calling `init_weights` of VMA  

pts_bbox_head.attr_head_branches.0.attr_4_out_3_class_head.6.bias - torch.Size([3]): 
The value is the same before and after calling `init_weights` of VMA  

pts_bbox_head.attr_head_branches.1.attr_0_out_10_class_head.0.weight - torch.Size([256, 256]): 
The value is the same before and after calling `init_weights` of VMA  

pts_bbox_head.attr_head_branches.1.attr_0_out_10_class_head.0.bias - torch.Size([256]): 
The value is the same before and after calling `init_weights` of VMA  

pts_bbox_head.attr_head_branches.1.attr_0_out_10_class_head.1.weight - torch.Size([256]): 
The value is the same before and after calling `init_weights` of VMA  

pts_bbox_head.attr_head_branches.1.attr_0_out_10_class_head.1.bias - torch.Size([256]): 
The value is the same before and after calling `init_weights` of VMA  

pts_bbox_head.attr_head_branches.1.attr_0_out_10_class_head.3.weight - torch.Size([256, 256]): 
The value is the same before and after calling `init_weights` of VMA  

pts_bbox_head.attr_head_branches.1.attr_0_out_10_class_head.3.bias - torch.Size([256]): 
The value is the same before and after calling `init_weights` of VMA  

pts_bbox_head.attr_head_branches.1.attr_0_out_10_class_head.4.weight - torch.Size([256]): 
The value is the same before and after calling `init_weights` of VMA  

pts_bbox_head.attr_head_branches.1.attr_0_out_10_class_head.4.bias - torch.Size([256]): 
The value is the same before and after calling `init_weights` of VMA  

pts_bbox_head.attr_head_branches.1.attr_0_out_10_class_head.6.weight - torch.Size([10, 256]): 
The value is the same before and after calling `init_weights` of VMA  

pts_bbox_head.attr_head_branches.1.attr_0_out_10_class_head.6.bias - torch.Size([10]): 
The value is the same before and after calling `init_weights` of VMA  

pts_bbox_head.attr_head_branches.1.attr_1_out_7_class_head.0.weight - torch.Size([256, 256]): 
The value is the same before and after calling `init_weights` of VMA  

pts_bbox_head.attr_head_branches.1.attr_1_out_7_class_head.0.bias - torch.Size([256]): 
The value is the same before and after calling `init_weights` of VMA  

pts_bbox_head.attr_head_branches.1.attr_1_out_7_class_head.1.weight - torch.Size([256]): 
The value is the same before and after calling `init_weights` of VMA  

pts_bbox_head.attr_head_branches.1.attr_1_out_7_class_head.1.bias - torch.Size([256]): 
The value is the same before and after calling `init_weights` of VMA  

pts_bbox_head.attr_head_branches.1.attr_1_out_7_class_head.3.weight - torch.Size([256, 256]): 
The value is the same before and after calling `init_weights` of VMA  

pts_bbox_head.attr_head_branches.1.attr_1_out_7_class_head.3.bias - torch.Size([256]): 
The value is the same before and after calling `init_weights` of VMA  

pts_bbox_head.attr_head_branches.1.attr_1_out_7_class_head.4.weight - torch.Size([256]): 
The value is the same before and after calling `init_weights` of VMA  

pts_bbox_head.attr_head_branches.1.attr_1_out_7_class_head.4.bias - torch.Size([256]): 
The value is the same before and after calling `init_weights` of VMA  

pts_bbox_head.attr_head_branches.1.attr_1_out_7_class_head.6.weight - torch.Size([7, 256]): 
The value is the same before and after calling `init_weights` of VMA  

pts_bbox_head.attr_head_branches.1.attr_1_out_7_class_head.6.bias - torch.Size([7]): 
The value is the same before and after calling `init_weights` of VMA  

pts_bbox_head.attr_head_branches.1.attr_2_out_5_class_head.0.weight - torch.Size([256, 256]): 
The value is the same before and after calling `init_weights` of VMA  

pts_bbox_head.attr_head_branches.1.attr_2_out_5_class_head.0.bias - torch.Size([256]): 
The value is the same before and after calling `init_weights` of VMA  

pts_bbox_head.attr_head_branches.1.attr_2_out_5_class_head.1.weight - torch.Size([256]): 
The value is the same before and after calling `init_weights` of VMA  

pts_bbox_head.attr_head_branches.1.attr_2_out_5_class_head.1.bias - torch.Size([256]): 
The value is the same before and after calling `init_weights` of VMA  

pts_bbox_head.attr_head_branches.1.attr_2_out_5_class_head.3.weight - torch.Size([256, 256]): 
The value is the same before and after calling `init_weights` of VMA  

pts_bbox_head.attr_head_branches.1.attr_2_out_5_class_head.3.bias - torch.Size([256]): 
The value is the same before and after calling `init_weights` of VMA  

pts_bbox_head.attr_head_branches.1.attr_2_out_5_class_head.4.weight - torch.Size([256]): 
The value is the same before and after calling `init_weights` of VMA  

pts_bbox_head.attr_head_branches.1.attr_2_out_5_class_head.4.bias - torch.Size([256]): 
The value is the same before and after calling `init_weights` of VMA  

pts_bbox_head.attr_head_branches.1.attr_2_out_5_class_head.6.weight - torch.Size([5, 256]): 
The value is the same before and after calling `init_weights` of VMA  

pts_bbox_head.attr_head_branches.1.attr_2_out_5_class_head.6.bias - torch.Size([5]): 
The value is the same before and after calling `init_weights` of VMA  

pts_bbox_head.attr_head_branches.1.attr_3_out_8_class_head.0.weight - torch.Size([256, 256]): 
The value is the same before and after calling `init_weights` of VMA  

pts_bbox_head.attr_head_branches.1.attr_3_out_8_class_head.0.bias - torch.Size([256]): 
The value is the same before and after calling `init_weights` of VMA  

pts_bbox_head.attr_head_branches.1.attr_3_out_8_class_head.1.weight - torch.Size([256]): 
The value is the same before and after calling `init_weights` of VMA  

pts_bbox_head.attr_head_branches.1.attr_3_out_8_class_head.1.bias - torch.Size([256]): 
The value is the same before and after calling `init_weights` of VMA  

pts_bbox_head.attr_head_branches.1.attr_3_out_8_class_head.3.weight - torch.Size([256, 256]): 
The value is the same before and after calling `init_weights` of VMA  

pts_bbox_head.attr_head_branches.1.attr_3_out_8_class_head.3.bias - torch.Size([256]): 
The value is the same before and after calling `init_weights` of VMA  

pts_bbox_head.attr_head_branches.1.attr_3_out_8_class_head.4.weight - torch.Size([256]): 
The value is the same before and after calling `init_weights` of VMA  

pts_bbox_head.attr_head_branches.1.attr_3_out_8_class_head.4.bias - torch.Size([256]): 
The value is the same before and after calling `init_weights` of VMA  

pts_bbox_head.attr_head_branches.1.attr_3_out_8_class_head.6.weight - torch.Size([8, 256]): 
The value is the same before and after calling `init_weights` of VMA  

pts_bbox_head.attr_head_branches.1.attr_3_out_8_class_head.6.bias - torch.Size([8]): 
The value is the same before and after calling `init_weights` of VMA  

pts_bbox_head.attr_head_branches.1.attr_4_out_3_class_head.0.weight - torch.Size([256, 256]): 
The value is the same before and after calling `init_weights` of VMA  

pts_bbox_head.attr_head_branches.1.attr_4_out_3_class_head.0.bias - torch.Size([256]): 
The value is the same before and after calling `init_weights` of VMA  

pts_bbox_head.attr_head_branches.1.attr_4_out_3_class_head.1.weight - torch.Size([256]): 
The value is the same before and after calling `init_weights` of VMA  

pts_bbox_head.attr_head_branches.1.attr_4_out_3_class_head.1.bias - torch.Size([256]): 
The value is the same before and after calling `init_weights` of VMA  

pts_bbox_head.attr_head_branches.1.attr_4_out_3_class_head.3.weight - torch.Size([256, 256]): 
The value is the same before and after calling `init_weights` of VMA  

pts_bbox_head.attr_head_branches.1.attr_4_out_3_class_head.3.bias - torch.Size([256]): 
The value is the same before and after calling `init_weights` of VMA  

pts_bbox_head.attr_head_branches.1.attr_4_out_3_class_head.4.weight - torch.Size([256]): 
The value is the same before and after calling `init_weights` of VMA  

pts_bbox_head.attr_head_branches.1.attr_4_out_3_class_head.4.bias - torch.Size([256]): 
The value is the same before and after calling `init_weights` of VMA  

pts_bbox_head.attr_head_branches.1.attr_4_out_3_class_head.6.weight - torch.Size([3, 256]): 
The value is the same before and after calling `init_weights` of VMA  

pts_bbox_head.attr_head_branches.1.attr_4_out_3_class_head.6.bias - torch.Size([3]): 
The value is the same before and after calling `init_weights` of VMA  

pts_bbox_head.attr_head_branches.2.attr_0_out_10_class_head.0.weight - torch.Size([256, 256]): 
The value is the same before and after calling `init_weights` of VMA  

pts_bbox_head.attr_head_branches.2.attr_0_out_10_class_head.0.bias - torch.Size([256]): 
The value is the same before and after calling `init_weights` of VMA  

pts_bbox_head.attr_head_branches.2.attr_0_out_10_class_head.1.weight - torch.Size([256]): 
The value is the same before and after calling `init_weights` of VMA  

pts_bbox_head.attr_head_branches.2.attr_0_out_10_class_head.1.bias - torch.Size([256]): 
The value is the same before and after calling `init_weights` of VMA  

pts_bbox_head.attr_head_branches.2.attr_0_out_10_class_head.3.weight - torch.Size([256, 256]): 
The value is the same before and after calling `init_weights` of VMA  

pts_bbox_head.attr_head_branches.2.attr_0_out_10_class_head.3.bias - torch.Size([256]): 
The value is the same before and after calling `init_weights` of VMA  

pts_bbox_head.attr_head_branches.2.attr_0_out_10_class_head.4.weight - torch.Size([256]): 
The value is the same before and after calling `init_weights` of VMA  

pts_bbox_head.attr_head_branches.2.attr_0_out_10_class_head.4.bias - torch.Size([256]): 
The value is the same before and after calling `init_weights` of VMA  

pts_bbox_head.attr_head_branches.2.attr_0_out_10_class_head.6.weight - torch.Size([10, 256]): 
The value is the same before and after calling `init_weights` of VMA  

pts_bbox_head.attr_head_branches.2.attr_0_out_10_class_head.6.bias - torch.Size([10]): 
The value is the same before and after calling `init_weights` of VMA  

pts_bbox_head.attr_head_branches.2.attr_1_out_7_class_head.0.weight - torch.Size([256, 256]): 
The value is the same before and after calling `init_weights` of VMA  

pts_bbox_head.attr_head_branches.2.attr_1_out_7_class_head.0.bias - torch.Size([256]): 
The value is the same before and after calling `init_weights` of VMA  

pts_bbox_head.attr_head_branches.2.attr_1_out_7_class_head.1.weight - torch.Size([256]): 
The value is the same before and after calling `init_weights` of VMA  

pts_bbox_head.attr_head_branches.2.attr_1_out_7_class_head.1.bias - torch.Size([256]): 
The value is the same before and after calling `init_weights` of VMA  

pts_bbox_head.attr_head_branches.2.attr_1_out_7_class_head.3.weight - torch.Size([256, 256]): 
The value is the same before and after calling `init_weights` of VMA  

pts_bbox_head.attr_head_branches.2.attr_1_out_7_class_head.3.bias - torch.Size([256]): 
The value is the same before and after calling `init_weights` of VMA  

pts_bbox_head.attr_head_branches.2.attr_1_out_7_class_head.4.weight - torch.Size([256]): 
The value is the same before and after calling `init_weights` of VMA  

pts_bbox_head.attr_head_branches.2.attr_1_out_7_class_head.4.bias - torch.Size([256]): 
The value is the same before and after calling `init_weights` of VMA  

pts_bbox_head.attr_head_branches.2.attr_1_out_7_class_head.6.weight - torch.Size([7, 256]): 
The value is the same before and after calling `init_weights` of VMA  

pts_bbox_head.attr_head_branches.2.attr_1_out_7_class_head.6.bias - torch.Size([7]): 
The value is the same before and after calling `init_weights` of VMA  

pts_bbox_head.attr_head_branches.2.attr_2_out_5_class_head.0.weight - torch.Size([256, 256]): 
The value is the same before and after calling `init_weights` of VMA  

pts_bbox_head.attr_head_branches.2.attr_2_out_5_class_head.0.bias - torch.Size([256]): 
The value is the same before and after calling `init_weights` of VMA  

pts_bbox_head.attr_head_branches.2.attr_2_out_5_class_head.1.weight - torch.Size([256]): 
The value is the same before and after calling `init_weights` of VMA  

pts_bbox_head.attr_head_branches.2.attr_2_out_5_class_head.1.bias - torch.Size([256]): 
The value is the same before and after calling `init_weights` of VMA  

pts_bbox_head.attr_head_branches.2.attr_2_out_5_class_head.3.weight - torch.Size([256, 256]): 
The value is the same before and after calling `init_weights` of VMA  

pts_bbox_head.attr_head_branches.2.attr_2_out_5_class_head.3.bias - torch.Size([256]): 
The value is the same before and after calling `init_weights` of VMA  

pts_bbox_head.attr_head_branches.2.attr_2_out_5_class_head.4.weight - torch.Size([256]): 
The value is the same before and after calling `init_weights` of VMA  

pts_bbox_head.attr_head_branches.2.attr_2_out_5_class_head.4.bias - torch.Size([256]): 
The value is the same before and after calling `init_weights` of VMA  

pts_bbox_head.attr_head_branches.2.attr_2_out_5_class_head.6.weight - torch.Size([5, 256]): 
The value is the same before and after calling `init_weights` of VMA  

pts_bbox_head.attr_head_branches.2.attr_2_out_5_class_head.6.bias - torch.Size([5]): 
The value is the same before and after calling `init_weights` of VMA  

pts_bbox_head.attr_head_branches.2.attr_3_out_8_class_head.0.weight - torch.Size([256, 256]): 
The value is the same before and after calling `init_weights` of VMA  

pts_bbox_head.attr_head_branches.2.attr_3_out_8_class_head.0.bias - torch.Size([256]): 
The value is the same before and after calling `init_weights` of VMA  

pts_bbox_head.attr_head_branches.2.attr_3_out_8_class_head.1.weight - torch.Size([256]): 
The value is the same before and after calling `init_weights` of VMA  

pts_bbox_head.attr_head_branches.2.attr_3_out_8_class_head.1.bias - torch.Size([256]): 
The value is the same before and after calling `init_weights` of VMA  

pts_bbox_head.attr_head_branches.2.attr_3_out_8_class_head.3.weight - torch.Size([256, 256]): 
The value is the same before and after calling `init_weights` of VMA  

pts_bbox_head.attr_head_branches.2.attr_3_out_8_class_head.3.bias - torch.Size([256]): 
The value is the same before and after calling `init_weights` of VMA  

pts_bbox_head.attr_head_branches.2.attr_3_out_8_class_head.4.weight - torch.Size([256]): 
The value is the same before and after calling `init_weights` of VMA  

pts_bbox_head.attr_head_branches.2.attr_3_out_8_class_head.4.bias - torch.Size([256]): 
The value is the same before and after calling `init_weights` of VMA  

pts_bbox_head.attr_head_branches.2.attr_3_out_8_class_head.6.weight - torch.Size([8, 256]): 
The value is the same before and after calling `init_weights` of VMA  

pts_bbox_head.attr_head_branches.2.attr_3_out_8_class_head.6.bias - torch.Size([8]): 
The value is the same before and after calling `init_weights` of VMA  

pts_bbox_head.attr_head_branches.2.attr_4_out_3_class_head.0.weight - torch.Size([256, 256]): 
The value is the same before and after calling `init_weights` of VMA  

pts_bbox_head.attr_head_branches.2.attr_4_out_3_class_head.0.bias - torch.Size([256]): 
The value is the same before and after calling `init_weights` of VMA  

pts_bbox_head.attr_head_branches.2.attr_4_out_3_class_head.1.weight - torch.Size([256]): 
The value is the same before and after calling `init_weights` of VMA  

pts_bbox_head.attr_head_branches.2.attr_4_out_3_class_head.1.bias - torch.Size([256]): 
The value is the same before and after calling `init_weights` of VMA  

pts_bbox_head.attr_head_branches.2.attr_4_out_3_class_head.3.weight - torch.Size([256, 256]): 
The value is the same before and after calling `init_weights` of VMA  

pts_bbox_head.attr_head_branches.2.attr_4_out_3_class_head.3.bias - torch.Size([256]): 
The value is the same before and after calling `init_weights` of VMA  

pts_bbox_head.attr_head_branches.2.attr_4_out_3_class_head.4.weight - torch.Size([256]): 
The value is the same before and after calling `init_weights` of VMA  

pts_bbox_head.attr_head_branches.2.attr_4_out_3_class_head.4.bias - torch.Size([256]): 
The value is the same before and after calling `init_weights` of VMA  

pts_bbox_head.attr_head_branches.2.attr_4_out_3_class_head.6.weight - torch.Size([3, 256]): 
The value is the same before and after calling `init_weights` of VMA  

pts_bbox_head.attr_head_branches.2.attr_4_out_3_class_head.6.bias - torch.Size([3]): 
The value is the same before and after calling `init_weights` of VMA  

pts_bbox_head.attr_head_branches.3.attr_0_out_10_class_head.0.weight - torch.Size([256, 256]): 
The value is the same before and after calling `init_weights` of VMA  

pts_bbox_head.attr_head_branches.3.attr_0_out_10_class_head.0.bias - torch.Size([256]): 
The value is the same before and after calling `init_weights` of VMA  

pts_bbox_head.attr_head_branches.3.attr_0_out_10_class_head.1.weight - torch.Size([256]): 
The value is the same before and after calling `init_weights` of VMA  

pts_bbox_head.attr_head_branches.3.attr_0_out_10_class_head.1.bias - torch.Size([256]): 
The value is the same before and after calling `init_weights` of VMA  

pts_bbox_head.attr_head_branches.3.attr_0_out_10_class_head.3.weight - torch.Size([256, 256]): 
The value is the same before and after calling `init_weights` of VMA  

pts_bbox_head.attr_head_branches.3.attr_0_out_10_class_head.3.bias - torch.Size([256]): 
The value is the same before and after calling `init_weights` of VMA  

pts_bbox_head.attr_head_branches.3.attr_0_out_10_class_head.4.weight - torch.Size([256]): 
The value is the same before and after calling `init_weights` of VMA  

pts_bbox_head.attr_head_branches.3.attr_0_out_10_class_head.4.bias - torch.Size([256]): 
The value is the same before and after calling `init_weights` of VMA  

pts_bbox_head.attr_head_branches.3.attr_0_out_10_class_head.6.weight - torch.Size([10, 256]): 
The value is the same before and after calling `init_weights` of VMA  

pts_bbox_head.attr_head_branches.3.attr_0_out_10_class_head.6.bias - torch.Size([10]): 
The value is the same before and after calling `init_weights` of VMA  

pts_bbox_head.attr_head_branches.3.attr_1_out_7_class_head.0.weight - torch.Size([256, 256]): 
The value is the same before and after calling `init_weights` of VMA  

pts_bbox_head.attr_head_branches.3.attr_1_out_7_class_head.0.bias - torch.Size([256]): 
The value is the same before and after calling `init_weights` of VMA  

pts_bbox_head.attr_head_branches.3.attr_1_out_7_class_head.1.weight - torch.Size([256]): 
The value is the same before and after calling `init_weights` of VMA  

pts_bbox_head.attr_head_branches.3.attr_1_out_7_class_head.1.bias - torch.Size([256]): 
The value is the same before and after calling `init_weights` of VMA  

pts_bbox_head.attr_head_branches.3.attr_1_out_7_class_head.3.weight - torch.Size([256, 256]): 
The value is the same before and after calling `init_weights` of VMA  

pts_bbox_head.attr_head_branches.3.attr_1_out_7_class_head.3.bias - torch.Size([256]): 
The value is the same before and after calling `init_weights` of VMA  

pts_bbox_head.attr_head_branches.3.attr_1_out_7_class_head.4.weight - torch.Size([256]): 
The value is the same before and after calling `init_weights` of VMA  

pts_bbox_head.attr_head_branches.3.attr_1_out_7_class_head.4.bias - torch.Size([256]): 
The value is the same before and after calling `init_weights` of VMA  

pts_bbox_head.attr_head_branches.3.attr_1_out_7_class_head.6.weight - torch.Size([7, 256]): 
The value is the same before and after calling `init_weights` of VMA  

pts_bbox_head.attr_head_branches.3.attr_1_out_7_class_head.6.bias - torch.Size([7]): 
The value is the same before and after calling `init_weights` of VMA  

pts_bbox_head.attr_head_branches.3.attr_2_out_5_class_head.0.weight - torch.Size([256, 256]): 
The value is the same before and after calling `init_weights` of VMA  

pts_bbox_head.attr_head_branches.3.attr_2_out_5_class_head.0.bias - torch.Size([256]): 
The value is the same before and after calling `init_weights` of VMA  

pts_bbox_head.attr_head_branches.3.attr_2_out_5_class_head.1.weight - torch.Size([256]): 
The value is the same before and after calling `init_weights` of VMA  

pts_bbox_head.attr_head_branches.3.attr_2_out_5_class_head.1.bias - torch.Size([256]): 
The value is the same before and after calling `init_weights` of VMA  

pts_bbox_head.attr_head_branches.3.attr_2_out_5_class_head.3.weight - torch.Size([256, 256]): 
The value is the same before and after calling `init_weights` of VMA  

pts_bbox_head.attr_head_branches.3.attr_2_out_5_class_head.3.bias - torch.Size([256]): 
The value is the same before and after calling `init_weights` of VMA  

pts_bbox_head.attr_head_branches.3.attr_2_out_5_class_head.4.weight - torch.Size([256]): 
The value is the same before and after calling `init_weights` of VMA  

pts_bbox_head.attr_head_branches.3.attr_2_out_5_class_head.4.bias - torch.Size([256]): 
The value is the same before and after calling `init_weights` of VMA  

pts_bbox_head.attr_head_branches.3.attr_2_out_5_class_head.6.weight - torch.Size([5, 256]): 
The value is the same before and after calling `init_weights` of VMA  

pts_bbox_head.attr_head_branches.3.attr_2_out_5_class_head.6.bias - torch.Size([5]): 
The value is the same before and after calling `init_weights` of VMA  

pts_bbox_head.attr_head_branches.3.attr_3_out_8_class_head.0.weight - torch.Size([256, 256]): 
The value is the same before and after calling `init_weights` of VMA  

pts_bbox_head.attr_head_branches.3.attr_3_out_8_class_head.0.bias - torch.Size([256]): 
The value is the same before and after calling `init_weights` of VMA  

pts_bbox_head.attr_head_branches.3.attr_3_out_8_class_head.1.weight - torch.Size([256]): 
The value is the same before and after calling `init_weights` of VMA  

pts_bbox_head.attr_head_branches.3.attr_3_out_8_class_head.1.bias - torch.Size([256]): 
The value is the same before and after calling `init_weights` of VMA  

pts_bbox_head.attr_head_branches.3.attr_3_out_8_class_head.3.weight - torch.Size([256, 256]): 
The value is the same before and after calling `init_weights` of VMA  

pts_bbox_head.attr_head_branches.3.attr_3_out_8_class_head.3.bias - torch.Size([256]): 
The value is the same before and after calling `init_weights` of VMA  

pts_bbox_head.attr_head_branches.3.attr_3_out_8_class_head.4.weight - torch.Size([256]): 
The value is the same before and after calling `init_weights` of VMA  

pts_bbox_head.attr_head_branches.3.attr_3_out_8_class_head.4.bias - torch.Size([256]): 
The value is the same before and after calling `init_weights` of VMA  

pts_bbox_head.attr_head_branches.3.attr_3_out_8_class_head.6.weight - torch.Size([8, 256]): 
The value is the same before and after calling `init_weights` of VMA  

pts_bbox_head.attr_head_branches.3.attr_3_out_8_class_head.6.bias - torch.Size([8]): 
The value is the same before and after calling `init_weights` of VMA  

pts_bbox_head.attr_head_branches.3.attr_4_out_3_class_head.0.weight - torch.Size([256, 256]): 
The value is the same before and after calling `init_weights` of VMA  

pts_bbox_head.attr_head_branches.3.attr_4_out_3_class_head.0.bias - torch.Size([256]): 
The value is the same before and after calling `init_weights` of VMA  

pts_bbox_head.attr_head_branches.3.attr_4_out_3_class_head.1.weight - torch.Size([256]): 
The value is the same before and after calling `init_weights` of VMA  

pts_bbox_head.attr_head_branches.3.attr_4_out_3_class_head.1.bias - torch.Size([256]): 
The value is the same before and after calling `init_weights` of VMA  

pts_bbox_head.attr_head_branches.3.attr_4_out_3_class_head.3.weight - torch.Size([256, 256]): 
The value is the same before and after calling `init_weights` of VMA  

pts_bbox_head.attr_head_branches.3.attr_4_out_3_class_head.3.bias - torch.Size([256]): 
The value is the same before and after calling `init_weights` of VMA  

pts_bbox_head.attr_head_branches.3.attr_4_out_3_class_head.4.weight - torch.Size([256]): 
The value is the same before and after calling `init_weights` of VMA  

pts_bbox_head.attr_head_branches.3.attr_4_out_3_class_head.4.bias - torch.Size([256]): 
The value is the same before and after calling `init_weights` of VMA  

pts_bbox_head.attr_head_branches.3.attr_4_out_3_class_head.6.weight - torch.Size([3, 256]): 
The value is the same before and after calling `init_weights` of VMA  

pts_bbox_head.attr_head_branches.3.attr_4_out_3_class_head.6.bias - torch.Size([3]): 
The value is the same before and after calling `init_weights` of VMA  

pts_bbox_head.attr_head_branches.4.attr_0_out_10_class_head.0.weight - torch.Size([256, 256]): 
The value is the same before and after calling `init_weights` of VMA  

pts_bbox_head.attr_head_branches.4.attr_0_out_10_class_head.0.bias - torch.Size([256]): 
The value is the same before and after calling `init_weights` of VMA  

pts_bbox_head.attr_head_branches.4.attr_0_out_10_class_head.1.weight - torch.Size([256]): 
The value is the same before and after calling `init_weights` of VMA  

pts_bbox_head.attr_head_branches.4.attr_0_out_10_class_head.1.bias - torch.Size([256]): 
The value is the same before and after calling `init_weights` of VMA  

pts_bbox_head.attr_head_branches.4.attr_0_out_10_class_head.3.weight - torch.Size([256, 256]): 
The value is the same before and after calling `init_weights` of VMA  

pts_bbox_head.attr_head_branches.4.attr_0_out_10_class_head.3.bias - torch.Size([256]): 
The value is the same before and after calling `init_weights` of VMA  

pts_bbox_head.attr_head_branches.4.attr_0_out_10_class_head.4.weight - torch.Size([256]): 
The value is the same before and after calling `init_weights` of VMA  

pts_bbox_head.attr_head_branches.4.attr_0_out_10_class_head.4.bias - torch.Size([256]): 
The value is the same before and after calling `init_weights` of VMA  

pts_bbox_head.attr_head_branches.4.attr_0_out_10_class_head.6.weight - torch.Size([10, 256]): 
The value is the same before and after calling `init_weights` of VMA  

pts_bbox_head.attr_head_branches.4.attr_0_out_10_class_head.6.bias - torch.Size([10]): 
The value is the same before and after calling `init_weights` of VMA  

pts_bbox_head.attr_head_branches.4.attr_1_out_7_class_head.0.weight - torch.Size([256, 256]): 
The value is the same before and after calling `init_weights` of VMA  

pts_bbox_head.attr_head_branches.4.attr_1_out_7_class_head.0.bias - torch.Size([256]): 
The value is the same before and after calling `init_weights` of VMA  

pts_bbox_head.attr_head_branches.4.attr_1_out_7_class_head.1.weight - torch.Size([256]): 
The value is the same before and after calling `init_weights` of VMA  

pts_bbox_head.attr_head_branches.4.attr_1_out_7_class_head.1.bias - torch.Size([256]): 
The value is the same before and after calling `init_weights` of VMA  

pts_bbox_head.attr_head_branches.4.attr_1_out_7_class_head.3.weight - torch.Size([256, 256]): 
The value is the same before and after calling `init_weights` of VMA  

pts_bbox_head.attr_head_branches.4.attr_1_out_7_class_head.3.bias - torch.Size([256]): 
The value is the same before and after calling `init_weights` of VMA  

pts_bbox_head.attr_head_branches.4.attr_1_out_7_class_head.4.weight - torch.Size([256]): 
The value is the same before and after calling `init_weights` of VMA  

pts_bbox_head.attr_head_branches.4.attr_1_out_7_class_head.4.bias - torch.Size([256]): 
The value is the same before and after calling `init_weights` of VMA  

pts_bbox_head.attr_head_branches.4.attr_1_out_7_class_head.6.weight - torch.Size([7, 256]): 
The value is the same before and after calling `init_weights` of VMA  

pts_bbox_head.attr_head_branches.4.attr_1_out_7_class_head.6.bias - torch.Size([7]): 
The value is the same before and after calling `init_weights` of VMA  

pts_bbox_head.attr_head_branches.4.attr_2_out_5_class_head.0.weight - torch.Size([256, 256]): 
The value is the same before and after calling `init_weights` of VMA  

pts_bbox_head.attr_head_branches.4.attr_2_out_5_class_head.0.bias - torch.Size([256]): 
The value is the same before and after calling `init_weights` of VMA  

pts_bbox_head.attr_head_branches.4.attr_2_out_5_class_head.1.weight - torch.Size([256]): 
The value is the same before and after calling `init_weights` of VMA  

pts_bbox_head.attr_head_branches.4.attr_2_out_5_class_head.1.bias - torch.Size([256]): 
The value is the same before and after calling `init_weights` of VMA  

pts_bbox_head.attr_head_branches.4.attr_2_out_5_class_head.3.weight - torch.Size([256, 256]): 
The value is the same before and after calling `init_weights` of VMA  

pts_bbox_head.attr_head_branches.4.attr_2_out_5_class_head.3.bias - torch.Size([256]): 
The value is the same before and after calling `init_weights` of VMA  

pts_bbox_head.attr_head_branches.4.attr_2_out_5_class_head.4.weight - torch.Size([256]): 
The value is the same before and after calling `init_weights` of VMA  

pts_bbox_head.attr_head_branches.4.attr_2_out_5_class_head.4.bias - torch.Size([256]): 
The value is the same before and after calling `init_weights` of VMA  

pts_bbox_head.attr_head_branches.4.attr_2_out_5_class_head.6.weight - torch.Size([5, 256]): 
The value is the same before and after calling `init_weights` of VMA  

pts_bbox_head.attr_head_branches.4.attr_2_out_5_class_head.6.bias - torch.Size([5]): 
The value is the same before and after calling `init_weights` of VMA  

pts_bbox_head.attr_head_branches.4.attr_3_out_8_class_head.0.weight - torch.Size([256, 256]): 
The value is the same before and after calling `init_weights` of VMA  

pts_bbox_head.attr_head_branches.4.attr_3_out_8_class_head.0.bias - torch.Size([256]): 
The value is the same before and after calling `init_weights` of VMA  

pts_bbox_head.attr_head_branches.4.attr_3_out_8_class_head.1.weight - torch.Size([256]): 
The value is the same before and after calling `init_weights` of VMA  

pts_bbox_head.attr_head_branches.4.attr_3_out_8_class_head.1.bias - torch.Size([256]): 
The value is the same before and after calling `init_weights` of VMA  

pts_bbox_head.attr_head_branches.4.attr_3_out_8_class_head.3.weight - torch.Size([256, 256]): 
The value is the same before and after calling `init_weights` of VMA  

pts_bbox_head.attr_head_branches.4.attr_3_out_8_class_head.3.bias - torch.Size([256]): 
The value is the same before and after calling `init_weights` of VMA  

pts_bbox_head.attr_head_branches.4.attr_3_out_8_class_head.4.weight - torch.Size([256]): 
The value is the same before and after calling `init_weights` of VMA  

pts_bbox_head.attr_head_branches.4.attr_3_out_8_class_head.4.bias - torch.Size([256]): 
The value is the same before and after calling `init_weights` of VMA  

pts_bbox_head.attr_head_branches.4.attr_3_out_8_class_head.6.weight - torch.Size([8, 256]): 
The value is the same before and after calling `init_weights` of VMA  

pts_bbox_head.attr_head_branches.4.attr_3_out_8_class_head.6.bias - torch.Size([8]): 
The value is the same before and after calling `init_weights` of VMA  

pts_bbox_head.attr_head_branches.4.attr_4_out_3_class_head.0.weight - torch.Size([256, 256]): 
The value is the same before and after calling `init_weights` of VMA  

pts_bbox_head.attr_head_branches.4.attr_4_out_3_class_head.0.bias - torch.Size([256]): 
The value is the same before and after calling `init_weights` of VMA  

pts_bbox_head.attr_head_branches.4.attr_4_out_3_class_head.1.weight - torch.Size([256]): 
The value is the same before and after calling `init_weights` of VMA  

pts_bbox_head.attr_head_branches.4.attr_4_out_3_class_head.1.bias - torch.Size([256]): 
The value is the same before and after calling `init_weights` of VMA  

pts_bbox_head.attr_head_branches.4.attr_4_out_3_class_head.3.weight - torch.Size([256, 256]): 
The value is the same before and after calling `init_weights` of VMA  

pts_bbox_head.attr_head_branches.4.attr_4_out_3_class_head.3.bias - torch.Size([256]): 
The value is the same before and after calling `init_weights` of VMA  

pts_bbox_head.attr_head_branches.4.attr_4_out_3_class_head.4.weight - torch.Size([256]): 
The value is the same before and after calling `init_weights` of VMA  

pts_bbox_head.attr_head_branches.4.attr_4_out_3_class_head.4.bias - torch.Size([256]): 
The value is the same before and after calling `init_weights` of VMA  

pts_bbox_head.attr_head_branches.4.attr_4_out_3_class_head.6.weight - torch.Size([3, 256]): 
The value is the same before and after calling `init_weights` of VMA  

pts_bbox_head.attr_head_branches.4.attr_4_out_3_class_head.6.bias - torch.Size([3]): 
The value is the same before and after calling `init_weights` of VMA  

pts_bbox_head.attr_head_branches.5.attr_0_out_10_class_head.0.weight - torch.Size([256, 256]): 
The value is the same before and after calling `init_weights` of VMA  

pts_bbox_head.attr_head_branches.5.attr_0_out_10_class_head.0.bias - torch.Size([256]): 
The value is the same before and after calling `init_weights` of VMA  

pts_bbox_head.attr_head_branches.5.attr_0_out_10_class_head.1.weight - torch.Size([256]): 
The value is the same before and after calling `init_weights` of VMA  

pts_bbox_head.attr_head_branches.5.attr_0_out_10_class_head.1.bias - torch.Size([256]): 
The value is the same before and after calling `init_weights` of VMA  

pts_bbox_head.attr_head_branches.5.attr_0_out_10_class_head.3.weight - torch.Size([256, 256]): 
The value is the same before and after calling `init_weights` of VMA  

pts_bbox_head.attr_head_branches.5.attr_0_out_10_class_head.3.bias - torch.Size([256]): 
The value is the same before and after calling `init_weights` of VMA  

pts_bbox_head.attr_head_branches.5.attr_0_out_10_class_head.4.weight - torch.Size([256]): 
The value is the same before and after calling `init_weights` of VMA  

pts_bbox_head.attr_head_branches.5.attr_0_out_10_class_head.4.bias - torch.Size([256]): 
The value is the same before and after calling `init_weights` of VMA  

pts_bbox_head.attr_head_branches.5.attr_0_out_10_class_head.6.weight - torch.Size([10, 256]): 
The value is the same before and after calling `init_weights` of VMA  

pts_bbox_head.attr_head_branches.5.attr_0_out_10_class_head.6.bias - torch.Size([10]): 
The value is the same before and after calling `init_weights` of VMA  

pts_bbox_head.attr_head_branches.5.attr_1_out_7_class_head.0.weight - torch.Size([256, 256]): 
The value is the same before and after calling `init_weights` of VMA  

pts_bbox_head.attr_head_branches.5.attr_1_out_7_class_head.0.bias - torch.Size([256]): 
The value is the same before and after calling `init_weights` of VMA  

pts_bbox_head.attr_head_branches.5.attr_1_out_7_class_head.1.weight - torch.Size([256]): 
The value is the same before and after calling `init_weights` of VMA  

pts_bbox_head.attr_head_branches.5.attr_1_out_7_class_head.1.bias - torch.Size([256]): 
The value is the same before and after calling `init_weights` of VMA  

pts_bbox_head.attr_head_branches.5.attr_1_out_7_class_head.3.weight - torch.Size([256, 256]): 
The value is the same before and after calling `init_weights` of VMA  

pts_bbox_head.attr_head_branches.5.attr_1_out_7_class_head.3.bias - torch.Size([256]): 
The value is the same before and after calling `init_weights` of VMA  

pts_bbox_head.attr_head_branches.5.attr_1_out_7_class_head.4.weight - torch.Size([256]): 
The value is the same before and after calling `init_weights` of VMA  

pts_bbox_head.attr_head_branches.5.attr_1_out_7_class_head.4.bias - torch.Size([256]): 
The value is the same before and after calling `init_weights` of VMA  

pts_bbox_head.attr_head_branches.5.attr_1_out_7_class_head.6.weight - torch.Size([7, 256]): 
The value is the same before and after calling `init_weights` of VMA  

pts_bbox_head.attr_head_branches.5.attr_1_out_7_class_head.6.bias - torch.Size([7]): 
The value is the same before and after calling `init_weights` of VMA  

pts_bbox_head.attr_head_branches.5.attr_2_out_5_class_head.0.weight - torch.Size([256, 256]): 
The value is the same before and after calling `init_weights` of VMA  

pts_bbox_head.attr_head_branches.5.attr_2_out_5_class_head.0.bias - torch.Size([256]): 
The value is the same before and after calling `init_weights` of VMA  

pts_bbox_head.attr_head_branches.5.attr_2_out_5_class_head.1.weight - torch.Size([256]): 
The value is the same before and after calling `init_weights` of VMA  

pts_bbox_head.attr_head_branches.5.attr_2_out_5_class_head.1.bias - torch.Size([256]): 
The value is the same before and after calling `init_weights` of VMA  

pts_bbox_head.attr_head_branches.5.attr_2_out_5_class_head.3.weight - torch.Size([256, 256]): 
The value is the same before and after calling `init_weights` of VMA  

pts_bbox_head.attr_head_branches.5.attr_2_out_5_class_head.3.bias - torch.Size([256]): 
The value is the same before and after calling `init_weights` of VMA  

pts_bbox_head.attr_head_branches.5.attr_2_out_5_class_head.4.weight - torch.Size([256]): 
The value is the same before and after calling `init_weights` of VMA  

pts_bbox_head.attr_head_branches.5.attr_2_out_5_class_head.4.bias - torch.Size([256]): 
The value is the same before and after calling `init_weights` of VMA  

pts_bbox_head.attr_head_branches.5.attr_2_out_5_class_head.6.weight - torch.Size([5, 256]): 
The value is the same before and after calling `init_weights` of VMA  

pts_bbox_head.attr_head_branches.5.attr_2_out_5_class_head.6.bias - torch.Size([5]): 
The value is the same before and after calling `init_weights` of VMA  

pts_bbox_head.attr_head_branches.5.attr_3_out_8_class_head.0.weight - torch.Size([256, 256]): 
The value is the same before and after calling `init_weights` of VMA  

pts_bbox_head.attr_head_branches.5.attr_3_out_8_class_head.0.bias - torch.Size([256]): 
The value is the same before and after calling `init_weights` of VMA  

pts_bbox_head.attr_head_branches.5.attr_3_out_8_class_head.1.weight - torch.Size([256]): 
The value is the same before and after calling `init_weights` of VMA  

pts_bbox_head.attr_head_branches.5.attr_3_out_8_class_head.1.bias - torch.Size([256]): 
The value is the same before and after calling `init_weights` of VMA  

pts_bbox_head.attr_head_branches.5.attr_3_out_8_class_head.3.weight - torch.Size([256, 256]): 
The value is the same before and after calling `init_weights` of VMA  

pts_bbox_head.attr_head_branches.5.attr_3_out_8_class_head.3.bias - torch.Size([256]): 
The value is the same before and after calling `init_weights` of VMA  

pts_bbox_head.attr_head_branches.5.attr_3_out_8_class_head.4.weight - torch.Size([256]): 
The value is the same before and after calling `init_weights` of VMA  

pts_bbox_head.attr_head_branches.5.attr_3_out_8_class_head.4.bias - torch.Size([256]): 
The value is the same before and after calling `init_weights` of VMA  

pts_bbox_head.attr_head_branches.5.attr_3_out_8_class_head.6.weight - torch.Size([8, 256]): 
The value is the same before and after calling `init_weights` of VMA  

pts_bbox_head.attr_head_branches.5.attr_3_out_8_class_head.6.bias - torch.Size([8]): 
The value is the same before and after calling `init_weights` of VMA  

pts_bbox_head.attr_head_branches.5.attr_4_out_3_class_head.0.weight - torch.Size([256, 256]): 
The value is the same before and after calling `init_weights` of VMA  

pts_bbox_head.attr_head_branches.5.attr_4_out_3_class_head.0.bias - torch.Size([256]): 
The value is the same before and after calling `init_weights` of VMA  

pts_bbox_head.attr_head_branches.5.attr_4_out_3_class_head.1.weight - torch.Size([256]): 
The value is the same before and after calling `init_weights` of VMA  

pts_bbox_head.attr_head_branches.5.attr_4_out_3_class_head.1.bias - torch.Size([256]): 
The value is the same before and after calling `init_weights` of VMA  

pts_bbox_head.attr_head_branches.5.attr_4_out_3_class_head.3.weight - torch.Size([256, 256]): 
The value is the same before and after calling `init_weights` of VMA  

pts_bbox_head.attr_head_branches.5.attr_4_out_3_class_head.3.bias - torch.Size([256]): 
The value is the same before and after calling `init_weights` of VMA  

pts_bbox_head.attr_head_branches.5.attr_4_out_3_class_head.4.weight - torch.Size([256]): 
The value is the same before and after calling `init_weights` of VMA  

pts_bbox_head.attr_head_branches.5.attr_4_out_3_class_head.4.bias - torch.Size([256]): 
The value is the same before and after calling `init_weights` of VMA  

pts_bbox_head.attr_head_branches.5.attr_4_out_3_class_head.6.weight - torch.Size([3, 256]): 
The value is the same before and after calling `init_weights` of VMA  

pts_bbox_head.attr_head_branches.5.attr_4_out_3_class_head.6.bias - torch.Size([3]): 
The value is the same before and after calling `init_weights` of VMA  

pts_bbox_head.spatial_attn_fusion.0.weight - torch.Size([128, 512, 3, 3]): 
Initialized by user-defined `init_weights` in VMAHead  

pts_bbox_head.spatial_attn_fusion.0.bias - torch.Size([128]): 
Initialized by user-defined `init_weights` in VMAHead  

pts_bbox_head.spatial_attn_fusion.2.weight - torch.Size([2, 128, 1, 1]): 
Initialized by user-defined `init_weights` in VMAHead  

pts_bbox_head.spatial_attn_fusion.2.bias - torch.Size([2]): 
Initialized by user-defined `init_weights` in VMAHead  

pts_bbox_head.view_channel_reduce.weight - torch.Size([256, 2048, 1, 1]): 
The value is the same before and after calling `init_weights` of VMA  

pts_bbox_head.view_channel_reduce.bias - torch.Size([256]): 
The value is the same before and after calling `init_weights` of VMA  

pts_bbox_head.view_cross_attn.in_proj_weight - torch.Size([768, 256]): 
The value is the same before and after calling `init_weights` of VMA  

pts_bbox_head.view_cross_attn.in_proj_bias - torch.Size([768]): 
The value is the same before and after calling `init_weights` of VMA  

pts_bbox_head.view_cross_attn.out_proj.weight - torch.Size([256, 256]): 
The value is the same before and after calling `init_weights` of VMA  

pts_bbox_head.view_cross_attn.out_proj.bias - torch.Size([256]): 
The value is the same before and after calling `init_weights` of VMA  

pts_bbox_head.view_ffn.0.weight - torch.Size([1024, 256]): 
Initialized by user-defined `init_weights` in VMAHead  

pts_bbox_head.view_ffn.0.bias - torch.Size([1024]): 
Initialized by user-defined `init_weights` in VMAHead  

pts_bbox_head.view_ffn.2.weight - torch.Size([256, 1024]): 
Initialized by user-defined `init_weights` in VMAHead  

pts_bbox_head.view_ffn.2.bias - torch.Size([256]): 
Initialized by user-defined `init_weights` in VMAHead  

pts_bbox_head.view_norm1.weight - torch.Size([256]): 
The value is the same before and after calling `init_weights` of VMA  

pts_bbox_head.view_norm1.bias - torch.Size([256]): 
The value is the same before and after calling `init_weights` of VMA  

pts_bbox_head.view_norm2.weight - torch.Size([256]): 
The value is the same before and after calling `init_weights` of VMA  

pts_bbox_head.view_norm2.bias - torch.Size([256]): 
The value is the same before and after calling `init_weights` of VMA  

pts_bbox_head.instance_embedding.weight - torch.Size([50, 512]): 
The value is the same before and after calling `init_weights` of VMA  

pts_bbox_head.pts_embedding.weight - torch.Size([25, 512]): 
The value is the same before and after calling `init_weights` of VMA  

img_backbone.conv1.weight - torch.Size([64, 3, 7, 7]): 
PretrainedInit: load from /homes/zhangzijian/vma-dev/ckpts/resnet101-5d3b4d8f.pth 

img_backbone.bn1.weight - torch.Size([64]): 
PretrainedInit: load from /homes/zhangzijian/vma-dev/ckpts/resnet101-5d3b4d8f.pth 

img_backbone.bn1.bias - torch.Size([64]): 
PretrainedInit: load from /homes/zhangzijian/vma-dev/ckpts/resnet101-5d3b4d8f.pth 

img_backbone.layer1.0.conv1.weight - torch.Size([64, 64, 1, 1]): 
PretrainedInit: load from /homes/zhangzijian/vma-dev/ckpts/resnet101-5d3b4d8f.pth 

img_backbone.layer1.0.bn1.weight - torch.Size([64]): 
PretrainedInit: load from /homes/zhangzijian/vma-dev/ckpts/resnet101-5d3b4d8f.pth 

img_backbone.layer1.0.bn1.bias - torch.Size([64]): 
PretrainedInit: load from /homes/zhangzijian/vma-dev/ckpts/resnet101-5d3b4d8f.pth 

img_backbone.layer1.0.conv2.weight - torch.Size([64, 64, 3, 3]): 
PretrainedInit: load from /homes/zhangzijian/vma-dev/ckpts/resnet101-5d3b4d8f.pth 

img_backbone.layer1.0.bn2.weight - torch.Size([64]): 
PretrainedInit: load from /homes/zhangzijian/vma-dev/ckpts/resnet101-5d3b4d8f.pth 

img_backbone.layer1.0.bn2.bias - torch.Size([64]): 
PretrainedInit: load from /homes/zhangzijian/vma-dev/ckpts/resnet101-5d3b4d8f.pth 

img_backbone.layer1.0.conv3.weight - torch.Size([256, 64, 1, 1]): 
PretrainedInit: load from /homes/zhangzijian/vma-dev/ckpts/resnet101-5d3b4d8f.pth 

img_backbone.layer1.0.bn3.weight - torch.Size([256]): 
PretrainedInit: load from /homes/zhangzijian/vma-dev/ckpts/resnet101-5d3b4d8f.pth 

img_backbone.layer1.0.bn3.bias - torch.Size([256]): 
PretrainedInit: load from /homes/zhangzijian/vma-dev/ckpts/resnet101-5d3b4d8f.pth 

img_backbone.layer1.0.downsample.0.weight - torch.Size([256, 64, 1, 1]): 
PretrainedInit: load from /homes/zhangzijian/vma-dev/ckpts/resnet101-5d3b4d8f.pth 

img_backbone.layer1.0.downsample.1.weight - torch.Size([256]): 
PretrainedInit: load from /homes/zhangzijian/vma-dev/ckpts/resnet101-5d3b4d8f.pth 

img_backbone.layer1.0.downsample.1.bias - torch.Size([256]): 
PretrainedInit: load from /homes/zhangzijian/vma-dev/ckpts/resnet101-5d3b4d8f.pth 

img_backbone.layer1.1.conv1.weight - torch.Size([64, 256, 1, 1]): 
PretrainedInit: load from /homes/zhangzijian/vma-dev/ckpts/resnet101-5d3b4d8f.pth 

img_backbone.layer1.1.bn1.weight - torch.Size([64]): 
PretrainedInit: load from /homes/zhangzijian/vma-dev/ckpts/resnet101-5d3b4d8f.pth 

img_backbone.layer1.1.bn1.bias - torch.Size([64]): 
PretrainedInit: load from /homes/zhangzijian/vma-dev/ckpts/resnet101-5d3b4d8f.pth 

img_backbone.layer1.1.conv2.weight - torch.Size([64, 64, 3, 3]): 
PretrainedInit: load from /homes/zhangzijian/vma-dev/ckpts/resnet101-5d3b4d8f.pth 

img_backbone.layer1.1.bn2.weight - torch.Size([64]): 
PretrainedInit: load from /homes/zhangzijian/vma-dev/ckpts/resnet101-5d3b4d8f.pth 

img_backbone.layer1.1.bn2.bias - torch.Size([64]): 
PretrainedInit: load from /homes/zhangzijian/vma-dev/ckpts/resnet101-5d3b4d8f.pth 

img_backbone.layer1.1.conv3.weight - torch.Size([256, 64, 1, 1]): 
PretrainedInit: load from /homes/zhangzijian/vma-dev/ckpts/resnet101-5d3b4d8f.pth 

img_backbone.layer1.1.bn3.weight - torch.Size([256]): 
PretrainedInit: load from /homes/zhangzijian/vma-dev/ckpts/resnet101-5d3b4d8f.pth 

img_backbone.layer1.1.bn3.bias - torch.Size([256]): 
PretrainedInit: load from /homes/zhangzijian/vma-dev/ckpts/resnet101-5d3b4d8f.pth 

img_backbone.layer1.2.conv1.weight - torch.Size([64, 256, 1, 1]): 
PretrainedInit: load from /homes/zhangzijian/vma-dev/ckpts/resnet101-5d3b4d8f.pth 

img_backbone.layer1.2.bn1.weight - torch.Size([64]): 
PretrainedInit: load from /homes/zhangzijian/vma-dev/ckpts/resnet101-5d3b4d8f.pth 

img_backbone.layer1.2.bn1.bias - torch.Size([64]): 
PretrainedInit: load from /homes/zhangzijian/vma-dev/ckpts/resnet101-5d3b4d8f.pth 

img_backbone.layer1.2.conv2.weight - torch.Size([64, 64, 3, 3]): 
PretrainedInit: load from /homes/zhangzijian/vma-dev/ckpts/resnet101-5d3b4d8f.pth 

img_backbone.layer1.2.bn2.weight - torch.Size([64]): 
PretrainedInit: load from /homes/zhangzijian/vma-dev/ckpts/resnet101-5d3b4d8f.pth 

img_backbone.layer1.2.bn2.bias - torch.Size([64]): 
PretrainedInit: load from /homes/zhangzijian/vma-dev/ckpts/resnet101-5d3b4d8f.pth 

img_backbone.layer1.2.conv3.weight - torch.Size([256, 64, 1, 1]): 
PretrainedInit: load from /homes/zhangzijian/vma-dev/ckpts/resnet101-5d3b4d8f.pth 

img_backbone.layer1.2.bn3.weight - torch.Size([256]): 
PretrainedInit: load from /homes/zhangzijian/vma-dev/ckpts/resnet101-5d3b4d8f.pth 

img_backbone.layer1.2.bn3.bias - torch.Size([256]): 
PretrainedInit: load from /homes/zhangzijian/vma-dev/ckpts/resnet101-5d3b4d8f.pth 

img_backbone.layer2.0.conv1.weight - torch.Size([128, 256, 1, 1]): 
PretrainedInit: load from /homes/zhangzijian/vma-dev/ckpts/resnet101-5d3b4d8f.pth 

img_backbone.layer2.0.bn1.weight - torch.Size([128]): 
PretrainedInit: load from /homes/zhangzijian/vma-dev/ckpts/resnet101-5d3b4d8f.pth 

img_backbone.layer2.0.bn1.bias - torch.Size([128]): 
PretrainedInit: load from /homes/zhangzijian/vma-dev/ckpts/resnet101-5d3b4d8f.pth 

img_backbone.layer2.0.conv2.weight - torch.Size([128, 128, 3, 3]): 
PretrainedInit: load from /homes/zhangzijian/vma-dev/ckpts/resnet101-5d3b4d8f.pth 

img_backbone.layer2.0.bn2.weight - torch.Size([128]): 
PretrainedInit: load from /homes/zhangzijian/vma-dev/ckpts/resnet101-5d3b4d8f.pth 

img_backbone.layer2.0.bn2.bias - torch.Size([128]): 
PretrainedInit: load from /homes/zhangzijian/vma-dev/ckpts/resnet101-5d3b4d8f.pth 

img_backbone.layer2.0.conv3.weight - torch.Size([512, 128, 1, 1]): 
PretrainedInit: load from /homes/zhangzijian/vma-dev/ckpts/resnet101-5d3b4d8f.pth 

img_backbone.layer2.0.bn3.weight - torch.Size([512]): 
PretrainedInit: load from /homes/zhangzijian/vma-dev/ckpts/resnet101-5d3b4d8f.pth 

img_backbone.layer2.0.bn3.bias - torch.Size([512]): 
PretrainedInit: load from /homes/zhangzijian/vma-dev/ckpts/resnet101-5d3b4d8f.pth 

img_backbone.layer2.0.downsample.0.weight - torch.Size([512, 256, 1, 1]): 
PretrainedInit: load from /homes/zhangzijian/vma-dev/ckpts/resnet101-5d3b4d8f.pth 

img_backbone.layer2.0.downsample.1.weight - torch.Size([512]): 
PretrainedInit: load from /homes/zhangzijian/vma-dev/ckpts/resnet101-5d3b4d8f.pth 

img_backbone.layer2.0.downsample.1.bias - torch.Size([512]): 
PretrainedInit: load from /homes/zhangzijian/vma-dev/ckpts/resnet101-5d3b4d8f.pth 

img_backbone.layer2.1.conv1.weight - torch.Size([128, 512, 1, 1]): 
PretrainedInit: load from /homes/zhangzijian/vma-dev/ckpts/resnet101-5d3b4d8f.pth 

img_backbone.layer2.1.bn1.weight - torch.Size([128]): 
PretrainedInit: load from /homes/zhangzijian/vma-dev/ckpts/resnet101-5d3b4d8f.pth 

img_backbone.layer2.1.bn1.bias - torch.Size([128]): 
PretrainedInit: load from /homes/zhangzijian/vma-dev/ckpts/resnet101-5d3b4d8f.pth 

img_backbone.layer2.1.conv2.weight - torch.Size([128, 128, 3, 3]): 
PretrainedInit: load from /homes/zhangzijian/vma-dev/ckpts/resnet101-5d3b4d8f.pth 

img_backbone.layer2.1.bn2.weight - torch.Size([128]): 
PretrainedInit: load from /homes/zhangzijian/vma-dev/ckpts/resnet101-5d3b4d8f.pth 

img_backbone.layer2.1.bn2.bias - torch.Size([128]): 
PretrainedInit: load from /homes/zhangzijian/vma-dev/ckpts/resnet101-5d3b4d8f.pth 

img_backbone.layer2.1.conv3.weight - torch.Size([512, 128, 1, 1]): 
PretrainedInit: load from /homes/zhangzijian/vma-dev/ckpts/resnet101-5d3b4d8f.pth 

img_backbone.layer2.1.bn3.weight - torch.Size([512]): 
PretrainedInit: load from /homes/zhangzijian/vma-dev/ckpts/resnet101-5d3b4d8f.pth 

img_backbone.layer2.1.bn3.bias - torch.Size([512]): 
PretrainedInit: load from /homes/zhangzijian/vma-dev/ckpts/resnet101-5d3b4d8f.pth 

img_backbone.layer2.2.conv1.weight - torch.Size([128, 512, 1, 1]): 
PretrainedInit: load from /homes/zhangzijian/vma-dev/ckpts/resnet101-5d3b4d8f.pth 

img_backbone.layer2.2.bn1.weight - torch.Size([128]): 
PretrainedInit: load from /homes/zhangzijian/vma-dev/ckpts/resnet101-5d3b4d8f.pth 

img_backbone.layer2.2.bn1.bias - torch.Size([128]): 
PretrainedInit: load from /homes/zhangzijian/vma-dev/ckpts/resnet101-5d3b4d8f.pth 

img_backbone.layer2.2.conv2.weight - torch.Size([128, 128, 3, 3]): 
PretrainedInit: load from /homes/zhangzijian/vma-dev/ckpts/resnet101-5d3b4d8f.pth 

img_backbone.layer2.2.bn2.weight - torch.Size([128]): 
PretrainedInit: load from /homes/zhangzijian/vma-dev/ckpts/resnet101-5d3b4d8f.pth 

img_backbone.layer2.2.bn2.bias - torch.Size([128]): 
PretrainedInit: load from /homes/zhangzijian/vma-dev/ckpts/resnet101-5d3b4d8f.pth 

img_backbone.layer2.2.conv3.weight - torch.Size([512, 128, 1, 1]): 
PretrainedInit: load from /homes/zhangzijian/vma-dev/ckpts/resnet101-5d3b4d8f.pth 

img_backbone.layer2.2.bn3.weight - torch.Size([512]): 
PretrainedInit: load from /homes/zhangzijian/vma-dev/ckpts/resnet101-5d3b4d8f.pth 

img_backbone.layer2.2.bn3.bias - torch.Size([512]): 
PretrainedInit: load from /homes/zhangzijian/vma-dev/ckpts/resnet101-5d3b4d8f.pth 

img_backbone.layer2.3.conv1.weight - torch.Size([128, 512, 1, 1]): 
PretrainedInit: load from /homes/zhangzijian/vma-dev/ckpts/resnet101-5d3b4d8f.pth 

img_backbone.layer2.3.bn1.weight - torch.Size([128]): 
PretrainedInit: load from /homes/zhangzijian/vma-dev/ckpts/resnet101-5d3b4d8f.pth 

img_backbone.layer2.3.bn1.bias - torch.Size([128]): 
PretrainedInit: load from /homes/zhangzijian/vma-dev/ckpts/resnet101-5d3b4d8f.pth 

img_backbone.layer2.3.conv2.weight - torch.Size([128, 128, 3, 3]): 
PretrainedInit: load from /homes/zhangzijian/vma-dev/ckpts/resnet101-5d3b4d8f.pth 

img_backbone.layer2.3.bn2.weight - torch.Size([128]): 
PretrainedInit: load from /homes/zhangzijian/vma-dev/ckpts/resnet101-5d3b4d8f.pth 

img_backbone.layer2.3.bn2.bias - torch.Size([128]): 
PretrainedInit: load from /homes/zhangzijian/vma-dev/ckpts/resnet101-5d3b4d8f.pth 

img_backbone.layer2.3.conv3.weight - torch.Size([512, 128, 1, 1]): 
PretrainedInit: load from /homes/zhangzijian/vma-dev/ckpts/resnet101-5d3b4d8f.pth 

img_backbone.layer2.3.bn3.weight - torch.Size([512]): 
PretrainedInit: load from /homes/zhangzijian/vma-dev/ckpts/resnet101-5d3b4d8f.pth 

img_backbone.layer2.3.bn3.bias - torch.Size([512]): 
PretrainedInit: load from /homes/zhangzijian/vma-dev/ckpts/resnet101-5d3b4d8f.pth 

img_backbone.layer3.0.conv1.weight - torch.Size([256, 512, 1, 1]): 
PretrainedInit: load from /homes/zhangzijian/vma-dev/ckpts/resnet101-5d3b4d8f.pth 

img_backbone.layer3.0.bn1.weight - torch.Size([256]): 
PretrainedInit: load from /homes/zhangzijian/vma-dev/ckpts/resnet101-5d3b4d8f.pth 

img_backbone.layer3.0.bn1.bias - torch.Size([256]): 
PretrainedInit: load from /homes/zhangzijian/vma-dev/ckpts/resnet101-5d3b4d8f.pth 

img_backbone.layer3.0.conv2.weight - torch.Size([256, 256, 3, 3]): 
PretrainedInit: load from /homes/zhangzijian/vma-dev/ckpts/resnet101-5d3b4d8f.pth 

img_backbone.layer3.0.bn2.weight - torch.Size([256]): 
PretrainedInit: load from /homes/zhangzijian/vma-dev/ckpts/resnet101-5d3b4d8f.pth 

img_backbone.layer3.0.bn2.bias - torch.Size([256]): 
PretrainedInit: load from /homes/zhangzijian/vma-dev/ckpts/resnet101-5d3b4d8f.pth 

img_backbone.layer3.0.conv3.weight - torch.Size([1024, 256, 1, 1]): 
PretrainedInit: load from /homes/zhangzijian/vma-dev/ckpts/resnet101-5d3b4d8f.pth 

img_backbone.layer3.0.bn3.weight - torch.Size([1024]): 
PretrainedInit: load from /homes/zhangzijian/vma-dev/ckpts/resnet101-5d3b4d8f.pth 

img_backbone.layer3.0.bn3.bias - torch.Size([1024]): 
PretrainedInit: load from /homes/zhangzijian/vma-dev/ckpts/resnet101-5d3b4d8f.pth 

img_backbone.layer3.0.downsample.0.weight - torch.Size([1024, 512, 1, 1]): 
PretrainedInit: load from /homes/zhangzijian/vma-dev/ckpts/resnet101-5d3b4d8f.pth 

img_backbone.layer3.0.downsample.1.weight - torch.Size([1024]): 
PretrainedInit: load from /homes/zhangzijian/vma-dev/ckpts/resnet101-5d3b4d8f.pth 

img_backbone.layer3.0.downsample.1.bias - torch.Size([1024]): 
PretrainedInit: load from /homes/zhangzijian/vma-dev/ckpts/resnet101-5d3b4d8f.pth 

img_backbone.layer3.1.conv1.weight - torch.Size([256, 1024, 1, 1]): 
PretrainedInit: load from /homes/zhangzijian/vma-dev/ckpts/resnet101-5d3b4d8f.pth 

img_backbone.layer3.1.bn1.weight - torch.Size([256]): 
PretrainedInit: load from /homes/zhangzijian/vma-dev/ckpts/resnet101-5d3b4d8f.pth 

img_backbone.layer3.1.bn1.bias - torch.Size([256]): 
PretrainedInit: load from /homes/zhangzijian/vma-dev/ckpts/resnet101-5d3b4d8f.pth 

img_backbone.layer3.1.conv2.weight - torch.Size([256, 256, 3, 3]): 
PretrainedInit: load from /homes/zhangzijian/vma-dev/ckpts/resnet101-5d3b4d8f.pth 

img_backbone.layer3.1.bn2.weight - torch.Size([256]): 
PretrainedInit: load from /homes/zhangzijian/vma-dev/ckpts/resnet101-5d3b4d8f.pth 

img_backbone.layer3.1.bn2.bias - torch.Size([256]): 
PretrainedInit: load from /homes/zhangzijian/vma-dev/ckpts/resnet101-5d3b4d8f.pth 

img_backbone.layer3.1.conv3.weight - torch.Size([1024, 256, 1, 1]): 
PretrainedInit: load from /homes/zhangzijian/vma-dev/ckpts/resnet101-5d3b4d8f.pth 

img_backbone.layer3.1.bn3.weight - torch.Size([1024]): 
PretrainedInit: load from /homes/zhangzijian/vma-dev/ckpts/resnet101-5d3b4d8f.pth 

img_backbone.layer3.1.bn3.bias - torch.Size([1024]): 
PretrainedInit: load from /homes/zhangzijian/vma-dev/ckpts/resnet101-5d3b4d8f.pth 

img_backbone.layer3.2.conv1.weight - torch.Size([256, 1024, 1, 1]): 
PretrainedInit: load from /homes/zhangzijian/vma-dev/ckpts/resnet101-5d3b4d8f.pth 

img_backbone.layer3.2.bn1.weight - torch.Size([256]): 
PretrainedInit: load from /homes/zhangzijian/vma-dev/ckpts/resnet101-5d3b4d8f.pth 

img_backbone.layer3.2.bn1.bias - torch.Size([256]): 
PretrainedInit: load from /homes/zhangzijian/vma-dev/ckpts/resnet101-5d3b4d8f.pth 

img_backbone.layer3.2.conv2.weight - torch.Size([256, 256, 3, 3]): 
PretrainedInit: load from /homes/zhangzijian/vma-dev/ckpts/resnet101-5d3b4d8f.pth 

img_backbone.layer3.2.bn2.weight - torch.Size([256]): 
PretrainedInit: load from /homes/zhangzijian/vma-dev/ckpts/resnet101-5d3b4d8f.pth 

img_backbone.layer3.2.bn2.bias - torch.Size([256]): 
PretrainedInit: load from /homes/zhangzijian/vma-dev/ckpts/resnet101-5d3b4d8f.pth 

img_backbone.layer3.2.conv3.weight - torch.Size([1024, 256, 1, 1]): 
PretrainedInit: load from /homes/zhangzijian/vma-dev/ckpts/resnet101-5d3b4d8f.pth 

img_backbone.layer3.2.bn3.weight - torch.Size([1024]): 
PretrainedInit: load from /homes/zhangzijian/vma-dev/ckpts/resnet101-5d3b4d8f.pth 

img_backbone.layer3.2.bn3.bias - torch.Size([1024]): 
PretrainedInit: load from /homes/zhangzijian/vma-dev/ckpts/resnet101-5d3b4d8f.pth 

img_backbone.layer3.3.conv1.weight - torch.Size([256, 1024, 1, 1]): 
PretrainedInit: load from /homes/zhangzijian/vma-dev/ckpts/resnet101-5d3b4d8f.pth 

img_backbone.layer3.3.bn1.weight - torch.Size([256]): 
PretrainedInit: load from /homes/zhangzijian/vma-dev/ckpts/resnet101-5d3b4d8f.pth 

img_backbone.layer3.3.bn1.bias - torch.Size([256]): 
PretrainedInit: load from /homes/zhangzijian/vma-dev/ckpts/resnet101-5d3b4d8f.pth 

img_backbone.layer3.3.conv2.weight - torch.Size([256, 256, 3, 3]): 
PretrainedInit: load from /homes/zhangzijian/vma-dev/ckpts/resnet101-5d3b4d8f.pth 

img_backbone.layer3.3.bn2.weight - torch.Size([256]): 
PretrainedInit: load from /homes/zhangzijian/vma-dev/ckpts/resnet101-5d3b4d8f.pth 

img_backbone.layer3.3.bn2.bias - torch.Size([256]): 
PretrainedInit: load from /homes/zhangzijian/vma-dev/ckpts/resnet101-5d3b4d8f.pth 

img_backbone.layer3.3.conv3.weight - torch.Size([1024, 256, 1, 1]): 
PretrainedInit: load from /homes/zhangzijian/vma-dev/ckpts/resnet101-5d3b4d8f.pth 

img_backbone.layer3.3.bn3.weight - torch.Size([1024]): 
PretrainedInit: load from /homes/zhangzijian/vma-dev/ckpts/resnet101-5d3b4d8f.pth 

img_backbone.layer3.3.bn3.bias - torch.Size([1024]): 
PretrainedInit: load from /homes/zhangzijian/vma-dev/ckpts/resnet101-5d3b4d8f.pth 

img_backbone.layer3.4.conv1.weight - torch.Size([256, 1024, 1, 1]): 
PretrainedInit: load from /homes/zhangzijian/vma-dev/ckpts/resnet101-5d3b4d8f.pth 

img_backbone.layer3.4.bn1.weight - torch.Size([256]): 
PretrainedInit: load from /homes/zhangzijian/vma-dev/ckpts/resnet101-5d3b4d8f.pth 

img_backbone.layer3.4.bn1.bias - torch.Size([256]): 
PretrainedInit: load from /homes/zhangzijian/vma-dev/ckpts/resnet101-5d3b4d8f.pth 

img_backbone.layer3.4.conv2.weight - torch.Size([256, 256, 3, 3]): 
PretrainedInit: load from /homes/zhangzijian/vma-dev/ckpts/resnet101-5d3b4d8f.pth 

img_backbone.layer3.4.bn2.weight - torch.Size([256]): 
PretrainedInit: load from /homes/zhangzijian/vma-dev/ckpts/resnet101-5d3b4d8f.pth 

img_backbone.layer3.4.bn2.bias - torch.Size([256]): 
PretrainedInit: load from /homes/zhangzijian/vma-dev/ckpts/resnet101-5d3b4d8f.pth 

img_backbone.layer3.4.conv3.weight - torch.Size([1024, 256, 1, 1]): 
PretrainedInit: load from /homes/zhangzijian/vma-dev/ckpts/resnet101-5d3b4d8f.pth 

img_backbone.layer3.4.bn3.weight - torch.Size([1024]): 
PretrainedInit: load from /homes/zhangzijian/vma-dev/ckpts/resnet101-5d3b4d8f.pth 

img_backbone.layer3.4.bn3.bias - torch.Size([1024]): 
PretrainedInit: load from /homes/zhangzijian/vma-dev/ckpts/resnet101-5d3b4d8f.pth 

img_backbone.layer3.5.conv1.weight - torch.Size([256, 1024, 1, 1]): 
PretrainedInit: load from /homes/zhangzijian/vma-dev/ckpts/resnet101-5d3b4d8f.pth 

img_backbone.layer3.5.bn1.weight - torch.Size([256]): 
PretrainedInit: load from /homes/zhangzijian/vma-dev/ckpts/resnet101-5d3b4d8f.pth 

img_backbone.layer3.5.bn1.bias - torch.Size([256]): 
PretrainedInit: load from /homes/zhangzijian/vma-dev/ckpts/resnet101-5d3b4d8f.pth 

img_backbone.layer3.5.conv2.weight - torch.Size([256, 256, 3, 3]): 
PretrainedInit: load from /homes/zhangzijian/vma-dev/ckpts/resnet101-5d3b4d8f.pth 

img_backbone.layer3.5.bn2.weight - torch.Size([256]): 
PretrainedInit: load from /homes/zhangzijian/vma-dev/ckpts/resnet101-5d3b4d8f.pth 

img_backbone.layer3.5.bn2.bias - torch.Size([256]): 
PretrainedInit: load from /homes/zhangzijian/vma-dev/ckpts/resnet101-5d3b4d8f.pth 

img_backbone.layer3.5.conv3.weight - torch.Size([1024, 256, 1, 1]): 
PretrainedInit: load from /homes/zhangzijian/vma-dev/ckpts/resnet101-5d3b4d8f.pth 

img_backbone.layer3.5.bn3.weight - torch.Size([1024]): 
PretrainedInit: load from /homes/zhangzijian/vma-dev/ckpts/resnet101-5d3b4d8f.pth 

img_backbone.layer3.5.bn3.bias - torch.Size([1024]): 
PretrainedInit: load from /homes/zhangzijian/vma-dev/ckpts/resnet101-5d3b4d8f.pth 

img_backbone.layer3.6.conv1.weight - torch.Size([256, 1024, 1, 1]): 
PretrainedInit: load from /homes/zhangzijian/vma-dev/ckpts/resnet101-5d3b4d8f.pth 

img_backbone.layer3.6.bn1.weight - torch.Size([256]): 
PretrainedInit: load from /homes/zhangzijian/vma-dev/ckpts/resnet101-5d3b4d8f.pth 

img_backbone.layer3.6.bn1.bias - torch.Size([256]): 
PretrainedInit: load from /homes/zhangzijian/vma-dev/ckpts/resnet101-5d3b4d8f.pth 

img_backbone.layer3.6.conv2.weight - torch.Size([256, 256, 3, 3]): 
PretrainedInit: load from /homes/zhangzijian/vma-dev/ckpts/resnet101-5d3b4d8f.pth 

img_backbone.layer3.6.bn2.weight - torch.Size([256]): 
PretrainedInit: load from /homes/zhangzijian/vma-dev/ckpts/resnet101-5d3b4d8f.pth 

img_backbone.layer3.6.bn2.bias - torch.Size([256]): 
PretrainedInit: load from /homes/zhangzijian/vma-dev/ckpts/resnet101-5d3b4d8f.pth 

img_backbone.layer3.6.conv3.weight - torch.Size([1024, 256, 1, 1]): 
PretrainedInit: load from /homes/zhangzijian/vma-dev/ckpts/resnet101-5d3b4d8f.pth 

img_backbone.layer3.6.bn3.weight - torch.Size([1024]): 
PretrainedInit: load from /homes/zhangzijian/vma-dev/ckpts/resnet101-5d3b4d8f.pth 

img_backbone.layer3.6.bn3.bias - torch.Size([1024]): 
PretrainedInit: load from /homes/zhangzijian/vma-dev/ckpts/resnet101-5d3b4d8f.pth 

img_backbone.layer3.7.conv1.weight - torch.Size([256, 1024, 1, 1]): 
PretrainedInit: load from /homes/zhangzijian/vma-dev/ckpts/resnet101-5d3b4d8f.pth 

img_backbone.layer3.7.bn1.weight - torch.Size([256]): 
PretrainedInit: load from /homes/zhangzijian/vma-dev/ckpts/resnet101-5d3b4d8f.pth 

img_backbone.layer3.7.bn1.bias - torch.Size([256]): 
PretrainedInit: load from /homes/zhangzijian/vma-dev/ckpts/resnet101-5d3b4d8f.pth 

img_backbone.layer3.7.conv2.weight - torch.Size([256, 256, 3, 3]): 
PretrainedInit: load from /homes/zhangzijian/vma-dev/ckpts/resnet101-5d3b4d8f.pth 

img_backbone.layer3.7.bn2.weight - torch.Size([256]): 
PretrainedInit: load from /homes/zhangzijian/vma-dev/ckpts/resnet101-5d3b4d8f.pth 

img_backbone.layer3.7.bn2.bias - torch.Size([256]): 
PretrainedInit: load from /homes/zhangzijian/vma-dev/ckpts/resnet101-5d3b4d8f.pth 

img_backbone.layer3.7.conv3.weight - torch.Size([1024, 256, 1, 1]): 
PretrainedInit: load from /homes/zhangzijian/vma-dev/ckpts/resnet101-5d3b4d8f.pth 

img_backbone.layer3.7.bn3.weight - torch.Size([1024]): 
PretrainedInit: load from /homes/zhangzijian/vma-dev/ckpts/resnet101-5d3b4d8f.pth 

img_backbone.layer3.7.bn3.bias - torch.Size([1024]): 
PretrainedInit: load from /homes/zhangzijian/vma-dev/ckpts/resnet101-5d3b4d8f.pth 

img_backbone.layer3.8.conv1.weight - torch.Size([256, 1024, 1, 1]): 
PretrainedInit: load from /homes/zhangzijian/vma-dev/ckpts/resnet101-5d3b4d8f.pth 

img_backbone.layer3.8.bn1.weight - torch.Size([256]): 
PretrainedInit: load from /homes/zhangzijian/vma-dev/ckpts/resnet101-5d3b4d8f.pth 

img_backbone.layer3.8.bn1.bias - torch.Size([256]): 
PretrainedInit: load from /homes/zhangzijian/vma-dev/ckpts/resnet101-5d3b4d8f.pth 

img_backbone.layer3.8.conv2.weight - torch.Size([256, 256, 3, 3]): 
PretrainedInit: load from /homes/zhangzijian/vma-dev/ckpts/resnet101-5d3b4d8f.pth 

img_backbone.layer3.8.bn2.weight - torch.Size([256]): 
PretrainedInit: load from /homes/zhangzijian/vma-dev/ckpts/resnet101-5d3b4d8f.pth 

img_backbone.layer3.8.bn2.bias - torch.Size([256]): 
PretrainedInit: load from /homes/zhangzijian/vma-dev/ckpts/resnet101-5d3b4d8f.pth 

img_backbone.layer3.8.conv3.weight - torch.Size([1024, 256, 1, 1]): 
PretrainedInit: load from /homes/zhangzijian/vma-dev/ckpts/resnet101-5d3b4d8f.pth 

img_backbone.layer3.8.bn3.weight - torch.Size([1024]): 
PretrainedInit: load from /homes/zhangzijian/vma-dev/ckpts/resnet101-5d3b4d8f.pth 

img_backbone.layer3.8.bn3.bias - torch.Size([1024]): 
PretrainedInit: load from /homes/zhangzijian/vma-dev/ckpts/resnet101-5d3b4d8f.pth 

img_backbone.layer3.9.conv1.weight - torch.Size([256, 1024, 1, 1]): 
PretrainedInit: load from /homes/zhangzijian/vma-dev/ckpts/resnet101-5d3b4d8f.pth 

img_backbone.layer3.9.bn1.weight - torch.Size([256]): 
PretrainedInit: load from /homes/zhangzijian/vma-dev/ckpts/resnet101-5d3b4d8f.pth 

img_backbone.layer3.9.bn1.bias - torch.Size([256]): 
PretrainedInit: load from /homes/zhangzijian/vma-dev/ckpts/resnet101-5d3b4d8f.pth 

img_backbone.layer3.9.conv2.weight - torch.Size([256, 256, 3, 3]): 
PretrainedInit: load from /homes/zhangzijian/vma-dev/ckpts/resnet101-5d3b4d8f.pth 

img_backbone.layer3.9.bn2.weight - torch.Size([256]): 
PretrainedInit: load from /homes/zhangzijian/vma-dev/ckpts/resnet101-5d3b4d8f.pth 

img_backbone.layer3.9.bn2.bias - torch.Size([256]): 
PretrainedInit: load from /homes/zhangzijian/vma-dev/ckpts/resnet101-5d3b4d8f.pth 

img_backbone.layer3.9.conv3.weight - torch.Size([1024, 256, 1, 1]): 
PretrainedInit: load from /homes/zhangzijian/vma-dev/ckpts/resnet101-5d3b4d8f.pth 

img_backbone.layer3.9.bn3.weight - torch.Size([1024]): 
PretrainedInit: load from /homes/zhangzijian/vma-dev/ckpts/resnet101-5d3b4d8f.pth 

img_backbone.layer3.9.bn3.bias - torch.Size([1024]): 
PretrainedInit: load from /homes/zhangzijian/vma-dev/ckpts/resnet101-5d3b4d8f.pth 

img_backbone.layer3.10.conv1.weight - torch.Size([256, 1024, 1, 1]): 
PretrainedInit: load from /homes/zhangzijian/vma-dev/ckpts/resnet101-5d3b4d8f.pth 

img_backbone.layer3.10.bn1.weight - torch.Size([256]): 
PretrainedInit: load from /homes/zhangzijian/vma-dev/ckpts/resnet101-5d3b4d8f.pth 

img_backbone.layer3.10.bn1.bias - torch.Size([256]): 
PretrainedInit: load from /homes/zhangzijian/vma-dev/ckpts/resnet101-5d3b4d8f.pth 

img_backbone.layer3.10.conv2.weight - torch.Size([256, 256, 3, 3]): 
PretrainedInit: load from /homes/zhangzijian/vma-dev/ckpts/resnet101-5d3b4d8f.pth 

img_backbone.layer3.10.bn2.weight - torch.Size([256]): 
PretrainedInit: load from /homes/zhangzijian/vma-dev/ckpts/resnet101-5d3b4d8f.pth 

img_backbone.layer3.10.bn2.bias - torch.Size([256]): 
PretrainedInit: load from /homes/zhangzijian/vma-dev/ckpts/resnet101-5d3b4d8f.pth 

img_backbone.layer3.10.conv3.weight - torch.Size([1024, 256, 1, 1]): 
PretrainedInit: load from /homes/zhangzijian/vma-dev/ckpts/resnet101-5d3b4d8f.pth 

img_backbone.layer3.10.bn3.weight - torch.Size([1024]): 
PretrainedInit: load from /homes/zhangzijian/vma-dev/ckpts/resnet101-5d3b4d8f.pth 

img_backbone.layer3.10.bn3.bias - torch.Size([1024]): 
PretrainedInit: load from /homes/zhangzijian/vma-dev/ckpts/resnet101-5d3b4d8f.pth 

img_backbone.layer3.11.conv1.weight - torch.Size([256, 1024, 1, 1]): 
PretrainedInit: load from /homes/zhangzijian/vma-dev/ckpts/resnet101-5d3b4d8f.pth 

img_backbone.layer3.11.bn1.weight - torch.Size([256]): 
PretrainedInit: load from /homes/zhangzijian/vma-dev/ckpts/resnet101-5d3b4d8f.pth 

img_backbone.layer3.11.bn1.bias - torch.Size([256]): 
PretrainedInit: load from /homes/zhangzijian/vma-dev/ckpts/resnet101-5d3b4d8f.pth 

img_backbone.layer3.11.conv2.weight - torch.Size([256, 256, 3, 3]): 
PretrainedInit: load from /homes/zhangzijian/vma-dev/ckpts/resnet101-5d3b4d8f.pth 

img_backbone.layer3.11.bn2.weight - torch.Size([256]): 
PretrainedInit: load from /homes/zhangzijian/vma-dev/ckpts/resnet101-5d3b4d8f.pth 

img_backbone.layer3.11.bn2.bias - torch.Size([256]): 
PretrainedInit: load from /homes/zhangzijian/vma-dev/ckpts/resnet101-5d3b4d8f.pth 

img_backbone.layer3.11.conv3.weight - torch.Size([1024, 256, 1, 1]): 
PretrainedInit: load from /homes/zhangzijian/vma-dev/ckpts/resnet101-5d3b4d8f.pth 

img_backbone.layer3.11.bn3.weight - torch.Size([1024]): 
PretrainedInit: load from /homes/zhangzijian/vma-dev/ckpts/resnet101-5d3b4d8f.pth 

img_backbone.layer3.11.bn3.bias - torch.Size([1024]): 
PretrainedInit: load from /homes/zhangzijian/vma-dev/ckpts/resnet101-5d3b4d8f.pth 

img_backbone.layer3.12.conv1.weight - torch.Size([256, 1024, 1, 1]): 
PretrainedInit: load from /homes/zhangzijian/vma-dev/ckpts/resnet101-5d3b4d8f.pth 

img_backbone.layer3.12.bn1.weight - torch.Size([256]): 
PretrainedInit: load from /homes/zhangzijian/vma-dev/ckpts/resnet101-5d3b4d8f.pth 

img_backbone.layer3.12.bn1.bias - torch.Size([256]): 
PretrainedInit: load from /homes/zhangzijian/vma-dev/ckpts/resnet101-5d3b4d8f.pth 

img_backbone.layer3.12.conv2.weight - torch.Size([256, 256, 3, 3]): 
PretrainedInit: load from /homes/zhangzijian/vma-dev/ckpts/resnet101-5d3b4d8f.pth 

img_backbone.layer3.12.bn2.weight - torch.Size([256]): 
PretrainedInit: load from /homes/zhangzijian/vma-dev/ckpts/resnet101-5d3b4d8f.pth 

img_backbone.layer3.12.bn2.bias - torch.Size([256]): 
PretrainedInit: load from /homes/zhangzijian/vma-dev/ckpts/resnet101-5d3b4d8f.pth 

img_backbone.layer3.12.conv3.weight - torch.Size([1024, 256, 1, 1]): 
PretrainedInit: load from /homes/zhangzijian/vma-dev/ckpts/resnet101-5d3b4d8f.pth 

img_backbone.layer3.12.bn3.weight - torch.Size([1024]): 
PretrainedInit: load from /homes/zhangzijian/vma-dev/ckpts/resnet101-5d3b4d8f.pth 

img_backbone.layer3.12.bn3.bias - torch.Size([1024]): 
PretrainedInit: load from /homes/zhangzijian/vma-dev/ckpts/resnet101-5d3b4d8f.pth 

img_backbone.layer3.13.conv1.weight - torch.Size([256, 1024, 1, 1]): 
PretrainedInit: load from /homes/zhangzijian/vma-dev/ckpts/resnet101-5d3b4d8f.pth 

img_backbone.layer3.13.bn1.weight - torch.Size([256]): 
PretrainedInit: load from /homes/zhangzijian/vma-dev/ckpts/resnet101-5d3b4d8f.pth 

img_backbone.layer3.13.bn1.bias - torch.Size([256]): 
PretrainedInit: load from /homes/zhangzijian/vma-dev/ckpts/resnet101-5d3b4d8f.pth 

img_backbone.layer3.13.conv2.weight - torch.Size([256, 256, 3, 3]): 
PretrainedInit: load from /homes/zhangzijian/vma-dev/ckpts/resnet101-5d3b4d8f.pth 

img_backbone.layer3.13.bn2.weight - torch.Size([256]): 
PretrainedInit: load from /homes/zhangzijian/vma-dev/ckpts/resnet101-5d3b4d8f.pth 

img_backbone.layer3.13.bn2.bias - torch.Size([256]): 
PretrainedInit: load from /homes/zhangzijian/vma-dev/ckpts/resnet101-5d3b4d8f.pth 

img_backbone.layer3.13.conv3.weight - torch.Size([1024, 256, 1, 1]): 
PretrainedInit: load from /homes/zhangzijian/vma-dev/ckpts/resnet101-5d3b4d8f.pth 

img_backbone.layer3.13.bn3.weight - torch.Size([1024]): 
PretrainedInit: load from /homes/zhangzijian/vma-dev/ckpts/resnet101-5d3b4d8f.pth 

img_backbone.layer3.13.bn3.bias - torch.Size([1024]): 
PretrainedInit: load from /homes/zhangzijian/vma-dev/ckpts/resnet101-5d3b4d8f.pth 

img_backbone.layer3.14.conv1.weight - torch.Size([256, 1024, 1, 1]): 
PretrainedInit: load from /homes/zhangzijian/vma-dev/ckpts/resnet101-5d3b4d8f.pth 

img_backbone.layer3.14.bn1.weight - torch.Size([256]): 
PretrainedInit: load from /homes/zhangzijian/vma-dev/ckpts/resnet101-5d3b4d8f.pth 

img_backbone.layer3.14.bn1.bias - torch.Size([256]): 
PretrainedInit: load from /homes/zhangzijian/vma-dev/ckpts/resnet101-5d3b4d8f.pth 

img_backbone.layer3.14.conv2.weight - torch.Size([256, 256, 3, 3]): 
PretrainedInit: load from /homes/zhangzijian/vma-dev/ckpts/resnet101-5d3b4d8f.pth 

img_backbone.layer3.14.bn2.weight - torch.Size([256]): 
PretrainedInit: load from /homes/zhangzijian/vma-dev/ckpts/resnet101-5d3b4d8f.pth 

img_backbone.layer3.14.bn2.bias - torch.Size([256]): 
PretrainedInit: load from /homes/zhangzijian/vma-dev/ckpts/resnet101-5d3b4d8f.pth 

img_backbone.layer3.14.conv3.weight - torch.Size([1024, 256, 1, 1]): 
PretrainedInit: load from /homes/zhangzijian/vma-dev/ckpts/resnet101-5d3b4d8f.pth 

img_backbone.layer3.14.bn3.weight - torch.Size([1024]): 
PretrainedInit: load from /homes/zhangzijian/vma-dev/ckpts/resnet101-5d3b4d8f.pth 

img_backbone.layer3.14.bn3.bias - torch.Size([1024]): 
PretrainedInit: load from /homes/zhangzijian/vma-dev/ckpts/resnet101-5d3b4d8f.pth 

img_backbone.layer3.15.conv1.weight - torch.Size([256, 1024, 1, 1]): 
PretrainedInit: load from /homes/zhangzijian/vma-dev/ckpts/resnet101-5d3b4d8f.pth 

img_backbone.layer3.15.bn1.weight - torch.Size([256]): 
PretrainedInit: load from /homes/zhangzijian/vma-dev/ckpts/resnet101-5d3b4d8f.pth 

img_backbone.layer3.15.bn1.bias - torch.Size([256]): 
PretrainedInit: load from /homes/zhangzijian/vma-dev/ckpts/resnet101-5d3b4d8f.pth 

img_backbone.layer3.15.conv2.weight - torch.Size([256, 256, 3, 3]): 
PretrainedInit: load from /homes/zhangzijian/vma-dev/ckpts/resnet101-5d3b4d8f.pth 

img_backbone.layer3.15.bn2.weight - torch.Size([256]): 
PretrainedInit: load from /homes/zhangzijian/vma-dev/ckpts/resnet101-5d3b4d8f.pth 

img_backbone.layer3.15.bn2.bias - torch.Size([256]): 
PretrainedInit: load from /homes/zhangzijian/vma-dev/ckpts/resnet101-5d3b4d8f.pth 

img_backbone.layer3.15.conv3.weight - torch.Size([1024, 256, 1, 1]): 
PretrainedInit: load from /homes/zhangzijian/vma-dev/ckpts/resnet101-5d3b4d8f.pth 

img_backbone.layer3.15.bn3.weight - torch.Size([1024]): 
PretrainedInit: load from /homes/zhangzijian/vma-dev/ckpts/resnet101-5d3b4d8f.pth 

img_backbone.layer3.15.bn3.bias - torch.Size([1024]): 
PretrainedInit: load from /homes/zhangzijian/vma-dev/ckpts/resnet101-5d3b4d8f.pth 

img_backbone.layer3.16.conv1.weight - torch.Size([256, 1024, 1, 1]): 
PretrainedInit: load from /homes/zhangzijian/vma-dev/ckpts/resnet101-5d3b4d8f.pth 

img_backbone.layer3.16.bn1.weight - torch.Size([256]): 
PretrainedInit: load from /homes/zhangzijian/vma-dev/ckpts/resnet101-5d3b4d8f.pth 

img_backbone.layer3.16.bn1.bias - torch.Size([256]): 
PretrainedInit: load from /homes/zhangzijian/vma-dev/ckpts/resnet101-5d3b4d8f.pth 

img_backbone.layer3.16.conv2.weight - torch.Size([256, 256, 3, 3]): 
PretrainedInit: load from /homes/zhangzijian/vma-dev/ckpts/resnet101-5d3b4d8f.pth 

img_backbone.layer3.16.bn2.weight - torch.Size([256]): 
PretrainedInit: load from /homes/zhangzijian/vma-dev/ckpts/resnet101-5d3b4d8f.pth 

img_backbone.layer3.16.bn2.bias - torch.Size([256]): 
PretrainedInit: load from /homes/zhangzijian/vma-dev/ckpts/resnet101-5d3b4d8f.pth 

img_backbone.layer3.16.conv3.weight - torch.Size([1024, 256, 1, 1]): 
PretrainedInit: load from /homes/zhangzijian/vma-dev/ckpts/resnet101-5d3b4d8f.pth 

img_backbone.layer3.16.bn3.weight - torch.Size([1024]): 
PretrainedInit: load from /homes/zhangzijian/vma-dev/ckpts/resnet101-5d3b4d8f.pth 

img_backbone.layer3.16.bn3.bias - torch.Size([1024]): 
PretrainedInit: load from /homes/zhangzijian/vma-dev/ckpts/resnet101-5d3b4d8f.pth 

img_backbone.layer3.17.conv1.weight - torch.Size([256, 1024, 1, 1]): 
PretrainedInit: load from /homes/zhangzijian/vma-dev/ckpts/resnet101-5d3b4d8f.pth 

img_backbone.layer3.17.bn1.weight - torch.Size([256]): 
PretrainedInit: load from /homes/zhangzijian/vma-dev/ckpts/resnet101-5d3b4d8f.pth 

img_backbone.layer3.17.bn1.bias - torch.Size([256]): 
PretrainedInit: load from /homes/zhangzijian/vma-dev/ckpts/resnet101-5d3b4d8f.pth 

img_backbone.layer3.17.conv2.weight - torch.Size([256, 256, 3, 3]): 
PretrainedInit: load from /homes/zhangzijian/vma-dev/ckpts/resnet101-5d3b4d8f.pth 

img_backbone.layer3.17.bn2.weight - torch.Size([256]): 
PretrainedInit: load from /homes/zhangzijian/vma-dev/ckpts/resnet101-5d3b4d8f.pth 

img_backbone.layer3.17.bn2.bias - torch.Size([256]): 
PretrainedInit: load from /homes/zhangzijian/vma-dev/ckpts/resnet101-5d3b4d8f.pth 

img_backbone.layer3.17.conv3.weight - torch.Size([1024, 256, 1, 1]): 
PretrainedInit: load from /homes/zhangzijian/vma-dev/ckpts/resnet101-5d3b4d8f.pth 

img_backbone.layer3.17.bn3.weight - torch.Size([1024]): 
PretrainedInit: load from /homes/zhangzijian/vma-dev/ckpts/resnet101-5d3b4d8f.pth 

img_backbone.layer3.17.bn3.bias - torch.Size([1024]): 
PretrainedInit: load from /homes/zhangzijian/vma-dev/ckpts/resnet101-5d3b4d8f.pth 

img_backbone.layer3.18.conv1.weight - torch.Size([256, 1024, 1, 1]): 
PretrainedInit: load from /homes/zhangzijian/vma-dev/ckpts/resnet101-5d3b4d8f.pth 

img_backbone.layer3.18.bn1.weight - torch.Size([256]): 
PretrainedInit: load from /homes/zhangzijian/vma-dev/ckpts/resnet101-5d3b4d8f.pth 

img_backbone.layer3.18.bn1.bias - torch.Size([256]): 
PretrainedInit: load from /homes/zhangzijian/vma-dev/ckpts/resnet101-5d3b4d8f.pth 

img_backbone.layer3.18.conv2.weight - torch.Size([256, 256, 3, 3]): 
PretrainedInit: load from /homes/zhangzijian/vma-dev/ckpts/resnet101-5d3b4d8f.pth 

img_backbone.layer3.18.bn2.weight - torch.Size([256]): 
PretrainedInit: load from /homes/zhangzijian/vma-dev/ckpts/resnet101-5d3b4d8f.pth 

img_backbone.layer3.18.bn2.bias - torch.Size([256]): 
PretrainedInit: load from /homes/zhangzijian/vma-dev/ckpts/resnet101-5d3b4d8f.pth 

img_backbone.layer3.18.conv3.weight - torch.Size([1024, 256, 1, 1]): 
PretrainedInit: load from /homes/zhangzijian/vma-dev/ckpts/resnet101-5d3b4d8f.pth 

img_backbone.layer3.18.bn3.weight - torch.Size([1024]): 
PretrainedInit: load from /homes/zhangzijian/vma-dev/ckpts/resnet101-5d3b4d8f.pth 

img_backbone.layer3.18.bn3.bias - torch.Size([1024]): 
PretrainedInit: load from /homes/zhangzijian/vma-dev/ckpts/resnet101-5d3b4d8f.pth 

img_backbone.layer3.19.conv1.weight - torch.Size([256, 1024, 1, 1]): 
PretrainedInit: load from /homes/zhangzijian/vma-dev/ckpts/resnet101-5d3b4d8f.pth 

img_backbone.layer3.19.bn1.weight - torch.Size([256]): 
PretrainedInit: load from /homes/zhangzijian/vma-dev/ckpts/resnet101-5d3b4d8f.pth 

img_backbone.layer3.19.bn1.bias - torch.Size([256]): 
PretrainedInit: load from /homes/zhangzijian/vma-dev/ckpts/resnet101-5d3b4d8f.pth 

img_backbone.layer3.19.conv2.weight - torch.Size([256, 256, 3, 3]): 
PretrainedInit: load from /homes/zhangzijian/vma-dev/ckpts/resnet101-5d3b4d8f.pth 

img_backbone.layer3.19.bn2.weight - torch.Size([256]): 
PretrainedInit: load from /homes/zhangzijian/vma-dev/ckpts/resnet101-5d3b4d8f.pth 

img_backbone.layer3.19.bn2.bias - torch.Size([256]): 
PretrainedInit: load from /homes/zhangzijian/vma-dev/ckpts/resnet101-5d3b4d8f.pth 

img_backbone.layer3.19.conv3.weight - torch.Size([1024, 256, 1, 1]): 
PretrainedInit: load from /homes/zhangzijian/vma-dev/ckpts/resnet101-5d3b4d8f.pth 

img_backbone.layer3.19.bn3.weight - torch.Size([1024]): 
PretrainedInit: load from /homes/zhangzijian/vma-dev/ckpts/resnet101-5d3b4d8f.pth 

img_backbone.layer3.19.bn3.bias - torch.Size([1024]): 
PretrainedInit: load from /homes/zhangzijian/vma-dev/ckpts/resnet101-5d3b4d8f.pth 

img_backbone.layer3.20.conv1.weight - torch.Size([256, 1024, 1, 1]): 
PretrainedInit: load from /homes/zhangzijian/vma-dev/ckpts/resnet101-5d3b4d8f.pth 

img_backbone.layer3.20.bn1.weight - torch.Size([256]): 
PretrainedInit: load from /homes/zhangzijian/vma-dev/ckpts/resnet101-5d3b4d8f.pth 

img_backbone.layer3.20.bn1.bias - torch.Size([256]): 
PretrainedInit: load from /homes/zhangzijian/vma-dev/ckpts/resnet101-5d3b4d8f.pth 

img_backbone.layer3.20.conv2.weight - torch.Size([256, 256, 3, 3]): 
PretrainedInit: load from /homes/zhangzijian/vma-dev/ckpts/resnet101-5d3b4d8f.pth 

img_backbone.layer3.20.bn2.weight - torch.Size([256]): 
PretrainedInit: load from /homes/zhangzijian/vma-dev/ckpts/resnet101-5d3b4d8f.pth 

img_backbone.layer3.20.bn2.bias - torch.Size([256]): 
PretrainedInit: load from /homes/zhangzijian/vma-dev/ckpts/resnet101-5d3b4d8f.pth 

img_backbone.layer3.20.conv3.weight - torch.Size([1024, 256, 1, 1]): 
PretrainedInit: load from /homes/zhangzijian/vma-dev/ckpts/resnet101-5d3b4d8f.pth 

img_backbone.layer3.20.bn3.weight - torch.Size([1024]): 
PretrainedInit: load from /homes/zhangzijian/vma-dev/ckpts/resnet101-5d3b4d8f.pth 

img_backbone.layer3.20.bn3.bias - torch.Size([1024]): 
PretrainedInit: load from /homes/zhangzijian/vma-dev/ckpts/resnet101-5d3b4d8f.pth 

img_backbone.layer3.21.conv1.weight - torch.Size([256, 1024, 1, 1]): 
PretrainedInit: load from /homes/zhangzijian/vma-dev/ckpts/resnet101-5d3b4d8f.pth 

img_backbone.layer3.21.bn1.weight - torch.Size([256]): 
PretrainedInit: load from /homes/zhangzijian/vma-dev/ckpts/resnet101-5d3b4d8f.pth 

img_backbone.layer3.21.bn1.bias - torch.Size([256]): 
PretrainedInit: load from /homes/zhangzijian/vma-dev/ckpts/resnet101-5d3b4d8f.pth 

img_backbone.layer3.21.conv2.weight - torch.Size([256, 256, 3, 3]): 
PretrainedInit: load from /homes/zhangzijian/vma-dev/ckpts/resnet101-5d3b4d8f.pth 

img_backbone.layer3.21.bn2.weight - torch.Size([256]): 
PretrainedInit: load from /homes/zhangzijian/vma-dev/ckpts/resnet101-5d3b4d8f.pth 

img_backbone.layer3.21.bn2.bias - torch.Size([256]): 
PretrainedInit: load from /homes/zhangzijian/vma-dev/ckpts/resnet101-5d3b4d8f.pth 

img_backbone.layer3.21.conv3.weight - torch.Size([1024, 256, 1, 1]): 
PretrainedInit: load from /homes/zhangzijian/vma-dev/ckpts/resnet101-5d3b4d8f.pth 

img_backbone.layer3.21.bn3.weight - torch.Size([1024]): 
PretrainedInit: load from /homes/zhangzijian/vma-dev/ckpts/resnet101-5d3b4d8f.pth 

img_backbone.layer3.21.bn3.bias - torch.Size([1024]): 
PretrainedInit: load from /homes/zhangzijian/vma-dev/ckpts/resnet101-5d3b4d8f.pth 

img_backbone.layer3.22.conv1.weight - torch.Size([256, 1024, 1, 1]): 
PretrainedInit: load from /homes/zhangzijian/vma-dev/ckpts/resnet101-5d3b4d8f.pth 

img_backbone.layer3.22.bn1.weight - torch.Size([256]): 
PretrainedInit: load from /homes/zhangzijian/vma-dev/ckpts/resnet101-5d3b4d8f.pth 

img_backbone.layer3.22.bn1.bias - torch.Size([256]): 
PretrainedInit: load from /homes/zhangzijian/vma-dev/ckpts/resnet101-5d3b4d8f.pth 

img_backbone.layer3.22.conv2.weight - torch.Size([256, 256, 3, 3]): 
PretrainedInit: load from /homes/zhangzijian/vma-dev/ckpts/resnet101-5d3b4d8f.pth 

img_backbone.layer3.22.bn2.weight - torch.Size([256]): 
PretrainedInit: load from /homes/zhangzijian/vma-dev/ckpts/resnet101-5d3b4d8f.pth 

img_backbone.layer3.22.bn2.bias - torch.Size([256]): 
PretrainedInit: load from /homes/zhangzijian/vma-dev/ckpts/resnet101-5d3b4d8f.pth 

img_backbone.layer3.22.conv3.weight - torch.Size([1024, 256, 1, 1]): 
PretrainedInit: load from /homes/zhangzijian/vma-dev/ckpts/resnet101-5d3b4d8f.pth 

img_backbone.layer3.22.bn3.weight - torch.Size([1024]): 
PretrainedInit: load from /homes/zhangzijian/vma-dev/ckpts/resnet101-5d3b4d8f.pth 

img_backbone.layer3.22.bn3.bias - torch.Size([1024]): 
PretrainedInit: load from /homes/zhangzijian/vma-dev/ckpts/resnet101-5d3b4d8f.pth 

img_backbone.layer4.0.conv1.weight - torch.Size([512, 1024, 1, 1]): 
PretrainedInit: load from /homes/zhangzijian/vma-dev/ckpts/resnet101-5d3b4d8f.pth 

img_backbone.layer4.0.bn1.weight - torch.Size([512]): 
PretrainedInit: load from /homes/zhangzijian/vma-dev/ckpts/resnet101-5d3b4d8f.pth 

img_backbone.layer4.0.bn1.bias - torch.Size([512]): 
PretrainedInit: load from /homes/zhangzijian/vma-dev/ckpts/resnet101-5d3b4d8f.pth 

img_backbone.layer4.0.conv2.weight - torch.Size([512, 512, 3, 3]): 
PretrainedInit: load from /homes/zhangzijian/vma-dev/ckpts/resnet101-5d3b4d8f.pth 

img_backbone.layer4.0.bn2.weight - torch.Size([512]): 
PretrainedInit: load from /homes/zhangzijian/vma-dev/ckpts/resnet101-5d3b4d8f.pth 

img_backbone.layer4.0.bn2.bias - torch.Size([512]): 
PretrainedInit: load from /homes/zhangzijian/vma-dev/ckpts/resnet101-5d3b4d8f.pth 

img_backbone.layer4.0.conv3.weight - torch.Size([2048, 512, 1, 1]): 
PretrainedInit: load from /homes/zhangzijian/vma-dev/ckpts/resnet101-5d3b4d8f.pth 

img_backbone.layer4.0.bn3.weight - torch.Size([2048]): 
PretrainedInit: load from /homes/zhangzijian/vma-dev/ckpts/resnet101-5d3b4d8f.pth 

img_backbone.layer4.0.bn3.bias - torch.Size([2048]): 
PretrainedInit: load from /homes/zhangzijian/vma-dev/ckpts/resnet101-5d3b4d8f.pth 

img_backbone.layer4.0.downsample.0.weight - torch.Size([2048, 1024, 1, 1]): 
PretrainedInit: load from /homes/zhangzijian/vma-dev/ckpts/resnet101-5d3b4d8f.pth 

img_backbone.layer4.0.downsample.1.weight - torch.Size([2048]): 
PretrainedInit: load from /homes/zhangzijian/vma-dev/ckpts/resnet101-5d3b4d8f.pth 

img_backbone.layer4.0.downsample.1.bias - torch.Size([2048]): 
PretrainedInit: load from /homes/zhangzijian/vma-dev/ckpts/resnet101-5d3b4d8f.pth 

img_backbone.layer4.1.conv1.weight - torch.Size([512, 2048, 1, 1]): 
PretrainedInit: load from /homes/zhangzijian/vma-dev/ckpts/resnet101-5d3b4d8f.pth 

img_backbone.layer4.1.bn1.weight - torch.Size([512]): 
PretrainedInit: load from /homes/zhangzijian/vma-dev/ckpts/resnet101-5d3b4d8f.pth 

img_backbone.layer4.1.bn1.bias - torch.Size([512]): 
PretrainedInit: load from /homes/zhangzijian/vma-dev/ckpts/resnet101-5d3b4d8f.pth 

img_backbone.layer4.1.conv2.weight - torch.Size([512, 512, 3, 3]): 
PretrainedInit: load from /homes/zhangzijian/vma-dev/ckpts/resnet101-5d3b4d8f.pth 

img_backbone.layer4.1.bn2.weight - torch.Size([512]): 
PretrainedInit: load from /homes/zhangzijian/vma-dev/ckpts/resnet101-5d3b4d8f.pth 

img_backbone.layer4.1.bn2.bias - torch.Size([512]): 
PretrainedInit: load from /homes/zhangzijian/vma-dev/ckpts/resnet101-5d3b4d8f.pth 

img_backbone.layer4.1.conv3.weight - torch.Size([2048, 512, 1, 1]): 
PretrainedInit: load from /homes/zhangzijian/vma-dev/ckpts/resnet101-5d3b4d8f.pth 

img_backbone.layer4.1.bn3.weight - torch.Size([2048]): 
PretrainedInit: load from /homes/zhangzijian/vma-dev/ckpts/resnet101-5d3b4d8f.pth 

img_backbone.layer4.1.bn3.bias - torch.Size([2048]): 
PretrainedInit: load from /homes/zhangzijian/vma-dev/ckpts/resnet101-5d3b4d8f.pth 

img_backbone.layer4.2.conv1.weight - torch.Size([512, 2048, 1, 1]): 
PretrainedInit: load from /homes/zhangzijian/vma-dev/ckpts/resnet101-5d3b4d8f.pth 

img_backbone.layer4.2.bn1.weight - torch.Size([512]): 
PretrainedInit: load from /homes/zhangzijian/vma-dev/ckpts/resnet101-5d3b4d8f.pth 

img_backbone.layer4.2.bn1.bias - torch.Size([512]): 
PretrainedInit: load from /homes/zhangzijian/vma-dev/ckpts/resnet101-5d3b4d8f.pth 

img_backbone.layer4.2.conv2.weight - torch.Size([512, 512, 3, 3]): 
PretrainedInit: load from /homes/zhangzijian/vma-dev/ckpts/resnet101-5d3b4d8f.pth 

img_backbone.layer4.2.bn2.weight - torch.Size([512]): 
PretrainedInit: load from /homes/zhangzijian/vma-dev/ckpts/resnet101-5d3b4d8f.pth 

img_backbone.layer4.2.bn2.bias - torch.Size([512]): 
PretrainedInit: load from /homes/zhangzijian/vma-dev/ckpts/resnet101-5d3b4d8f.pth 

img_backbone.layer4.2.conv3.weight - torch.Size([2048, 512, 1, 1]): 
PretrainedInit: load from /homes/zhangzijian/vma-dev/ckpts/resnet101-5d3b4d8f.pth 

img_backbone.layer4.2.bn3.weight - torch.Size([2048]): 
PretrainedInit: load from /homes/zhangzijian/vma-dev/ckpts/resnet101-5d3b4d8f.pth 

img_backbone.layer4.2.bn3.bias - torch.Size([2048]): 
PretrainedInit: load from /homes/zhangzijian/vma-dev/ckpts/resnet101-5d3b4d8f.pth 

img_neck.convs.0.conv.weight - torch.Size([256, 512, 1, 1]): 
XavierInit: gain=1, distribution=uniform, bias=0 

img_neck.convs.0.gn.weight - torch.Size([256]): 
The value is the same before and after calling `init_weights` of VMA  

img_neck.convs.0.gn.bias - torch.Size([256]): 
The value is the same before and after calling `init_weights` of VMA  

img_neck.convs.1.conv.weight - torch.Size([256, 1024, 1, 1]): 
XavierInit: gain=1, distribution=uniform, bias=0 

img_neck.convs.1.gn.weight - torch.Size([256]): 
The value is the same before and after calling `init_weights` of VMA  

img_neck.convs.1.gn.bias - torch.Size([256]): 
The value is the same before and after calling `init_weights` of VMA  

img_neck.convs.2.conv.weight - torch.Size([256, 2048, 1, 1]): 
XavierInit: gain=1, distribution=uniform, bias=0 

img_neck.convs.2.gn.weight - torch.Size([256]): 
The value is the same before and after calling `init_weights` of VMA  

img_neck.convs.2.gn.bias - torch.Size([256]): 
The value is the same before and after calling `init_weights` of VMA  

img_neck.extra_convs.0.conv.weight - torch.Size([256, 2048, 3, 3]): 
XavierInit: gain=1, distribution=uniform, bias=0 

img_neck.extra_convs.0.gn.weight - torch.Size([256]): 
The value is the same before and after calling `init_weights` of VMA  

img_neck.extra_convs.0.gn.bias - torch.Size([256]): 
The value is the same before and after calling `init_weights` of VMA  

img_backbone_view.conv1.weight - torch.Size([64, 3, 7, 7]): 
PretrainedInit: load from /homes/zhangzijian/vma-dev/ckpts/resnet101-5d3b4d8f.pth 

img_backbone_view.bn1.weight - torch.Size([64]): 
PretrainedInit: load from /homes/zhangzijian/vma-dev/ckpts/resnet101-5d3b4d8f.pth 

img_backbone_view.bn1.bias - torch.Size([64]): 
PretrainedInit: load from /homes/zhangzijian/vma-dev/ckpts/resnet101-5d3b4d8f.pth 

img_backbone_view.layer1.0.conv1.weight - torch.Size([64, 64, 1, 1]): 
PretrainedInit: load from /homes/zhangzijian/vma-dev/ckpts/resnet101-5d3b4d8f.pth 

img_backbone_view.layer1.0.bn1.weight - torch.Size([64]): 
PretrainedInit: load from /homes/zhangzijian/vma-dev/ckpts/resnet101-5d3b4d8f.pth 

img_backbone_view.layer1.0.bn1.bias - torch.Size([64]): 
PretrainedInit: load from /homes/zhangzijian/vma-dev/ckpts/resnet101-5d3b4d8f.pth 

img_backbone_view.layer1.0.conv2.weight - torch.Size([64, 64, 3, 3]): 
PretrainedInit: load from /homes/zhangzijian/vma-dev/ckpts/resnet101-5d3b4d8f.pth 

img_backbone_view.layer1.0.bn2.weight - torch.Size([64]): 
PretrainedInit: load from /homes/zhangzijian/vma-dev/ckpts/resnet101-5d3b4d8f.pth 

img_backbone_view.layer1.0.bn2.bias - torch.Size([64]): 
PretrainedInit: load from /homes/zhangzijian/vma-dev/ckpts/resnet101-5d3b4d8f.pth 

img_backbone_view.layer1.0.conv3.weight - torch.Size([256, 64, 1, 1]): 
PretrainedInit: load from /homes/zhangzijian/vma-dev/ckpts/resnet101-5d3b4d8f.pth 

img_backbone_view.layer1.0.bn3.weight - torch.Size([256]): 
PretrainedInit: load from /homes/zhangzijian/vma-dev/ckpts/resnet101-5d3b4d8f.pth 

img_backbone_view.layer1.0.bn3.bias - torch.Size([256]): 
PretrainedInit: load from /homes/zhangzijian/vma-dev/ckpts/resnet101-5d3b4d8f.pth 

img_backbone_view.layer1.0.downsample.0.weight - torch.Size([256, 64, 1, 1]): 
PretrainedInit: load from /homes/zhangzijian/vma-dev/ckpts/resnet101-5d3b4d8f.pth 

img_backbone_view.layer1.0.downsample.1.weight - torch.Size([256]): 
PretrainedInit: load from /homes/zhangzijian/vma-dev/ckpts/resnet101-5d3b4d8f.pth 

img_backbone_view.layer1.0.downsample.1.bias - torch.Size([256]): 
PretrainedInit: load from /homes/zhangzijian/vma-dev/ckpts/resnet101-5d3b4d8f.pth 

img_backbone_view.layer1.1.conv1.weight - torch.Size([64, 256, 1, 1]): 
PretrainedInit: load from /homes/zhangzijian/vma-dev/ckpts/resnet101-5d3b4d8f.pth 

img_backbone_view.layer1.1.bn1.weight - torch.Size([64]): 
PretrainedInit: load from /homes/zhangzijian/vma-dev/ckpts/resnet101-5d3b4d8f.pth 

img_backbone_view.layer1.1.bn1.bias - torch.Size([64]): 
PretrainedInit: load from /homes/zhangzijian/vma-dev/ckpts/resnet101-5d3b4d8f.pth 

img_backbone_view.layer1.1.conv2.weight - torch.Size([64, 64, 3, 3]): 
PretrainedInit: load from /homes/zhangzijian/vma-dev/ckpts/resnet101-5d3b4d8f.pth 

img_backbone_view.layer1.1.bn2.weight - torch.Size([64]): 
PretrainedInit: load from /homes/zhangzijian/vma-dev/ckpts/resnet101-5d3b4d8f.pth 

img_backbone_view.layer1.1.bn2.bias - torch.Size([64]): 
PretrainedInit: load from /homes/zhangzijian/vma-dev/ckpts/resnet101-5d3b4d8f.pth 

img_backbone_view.layer1.1.conv3.weight - torch.Size([256, 64, 1, 1]): 
PretrainedInit: load from /homes/zhangzijian/vma-dev/ckpts/resnet101-5d3b4d8f.pth 

img_backbone_view.layer1.1.bn3.weight - torch.Size([256]): 
PretrainedInit: load from /homes/zhangzijian/vma-dev/ckpts/resnet101-5d3b4d8f.pth 

img_backbone_view.layer1.1.bn3.bias - torch.Size([256]): 
PretrainedInit: load from /homes/zhangzijian/vma-dev/ckpts/resnet101-5d3b4d8f.pth 

img_backbone_view.layer1.2.conv1.weight - torch.Size([64, 256, 1, 1]): 
PretrainedInit: load from /homes/zhangzijian/vma-dev/ckpts/resnet101-5d3b4d8f.pth 

img_backbone_view.layer1.2.bn1.weight - torch.Size([64]): 
PretrainedInit: load from /homes/zhangzijian/vma-dev/ckpts/resnet101-5d3b4d8f.pth 

img_backbone_view.layer1.2.bn1.bias - torch.Size([64]): 
PretrainedInit: load from /homes/zhangzijian/vma-dev/ckpts/resnet101-5d3b4d8f.pth 

img_backbone_view.layer1.2.conv2.weight - torch.Size([64, 64, 3, 3]): 
PretrainedInit: load from /homes/zhangzijian/vma-dev/ckpts/resnet101-5d3b4d8f.pth 

img_backbone_view.layer1.2.bn2.weight - torch.Size([64]): 
PretrainedInit: load from /homes/zhangzijian/vma-dev/ckpts/resnet101-5d3b4d8f.pth 

img_backbone_view.layer1.2.bn2.bias - torch.Size([64]): 
PretrainedInit: load from /homes/zhangzijian/vma-dev/ckpts/resnet101-5d3b4d8f.pth 

img_backbone_view.layer1.2.conv3.weight - torch.Size([256, 64, 1, 1]): 
PretrainedInit: load from /homes/zhangzijian/vma-dev/ckpts/resnet101-5d3b4d8f.pth 

img_backbone_view.layer1.2.bn3.weight - torch.Size([256]): 
PretrainedInit: load from /homes/zhangzijian/vma-dev/ckpts/resnet101-5d3b4d8f.pth 

img_backbone_view.layer1.2.bn3.bias - torch.Size([256]): 
PretrainedInit: load from /homes/zhangzijian/vma-dev/ckpts/resnet101-5d3b4d8f.pth 

img_backbone_view.layer2.0.conv1.weight - torch.Size([128, 256, 1, 1]): 
PretrainedInit: load from /homes/zhangzijian/vma-dev/ckpts/resnet101-5d3b4d8f.pth 

img_backbone_view.layer2.0.bn1.weight - torch.Size([128]): 
PretrainedInit: load from /homes/zhangzijian/vma-dev/ckpts/resnet101-5d3b4d8f.pth 

img_backbone_view.layer2.0.bn1.bias - torch.Size([128]): 
PretrainedInit: load from /homes/zhangzijian/vma-dev/ckpts/resnet101-5d3b4d8f.pth 

img_backbone_view.layer2.0.conv2.weight - torch.Size([128, 128, 3, 3]): 
PretrainedInit: load from /homes/zhangzijian/vma-dev/ckpts/resnet101-5d3b4d8f.pth 

img_backbone_view.layer2.0.bn2.weight - torch.Size([128]): 
PretrainedInit: load from /homes/zhangzijian/vma-dev/ckpts/resnet101-5d3b4d8f.pth 

img_backbone_view.layer2.0.bn2.bias - torch.Size([128]): 
PretrainedInit: load from /homes/zhangzijian/vma-dev/ckpts/resnet101-5d3b4d8f.pth 

img_backbone_view.layer2.0.conv3.weight - torch.Size([512, 128, 1, 1]): 
PretrainedInit: load from /homes/zhangzijian/vma-dev/ckpts/resnet101-5d3b4d8f.pth 

img_backbone_view.layer2.0.bn3.weight - torch.Size([512]): 
PretrainedInit: load from /homes/zhangzijian/vma-dev/ckpts/resnet101-5d3b4d8f.pth 

img_backbone_view.layer2.0.bn3.bias - torch.Size([512]): 
PretrainedInit: load from /homes/zhangzijian/vma-dev/ckpts/resnet101-5d3b4d8f.pth 

img_backbone_view.layer2.0.downsample.0.weight - torch.Size([512, 256, 1, 1]): 
PretrainedInit: load from /homes/zhangzijian/vma-dev/ckpts/resnet101-5d3b4d8f.pth 

img_backbone_view.layer2.0.downsample.1.weight - torch.Size([512]): 
PretrainedInit: load from /homes/zhangzijian/vma-dev/ckpts/resnet101-5d3b4d8f.pth 

img_backbone_view.layer2.0.downsample.1.bias - torch.Size([512]): 
PretrainedInit: load from /homes/zhangzijian/vma-dev/ckpts/resnet101-5d3b4d8f.pth 

img_backbone_view.layer2.1.conv1.weight - torch.Size([128, 512, 1, 1]): 
PretrainedInit: load from /homes/zhangzijian/vma-dev/ckpts/resnet101-5d3b4d8f.pth 

img_backbone_view.layer2.1.bn1.weight - torch.Size([128]): 
PretrainedInit: load from /homes/zhangzijian/vma-dev/ckpts/resnet101-5d3b4d8f.pth 

img_backbone_view.layer2.1.bn1.bias - torch.Size([128]): 
PretrainedInit: load from /homes/zhangzijian/vma-dev/ckpts/resnet101-5d3b4d8f.pth 

img_backbone_view.layer2.1.conv2.weight - torch.Size([128, 128, 3, 3]): 
PretrainedInit: load from /homes/zhangzijian/vma-dev/ckpts/resnet101-5d3b4d8f.pth 

img_backbone_view.layer2.1.bn2.weight - torch.Size([128]): 
PretrainedInit: load from /homes/zhangzijian/vma-dev/ckpts/resnet101-5d3b4d8f.pth 

img_backbone_view.layer2.1.bn2.bias - torch.Size([128]): 
PretrainedInit: load from /homes/zhangzijian/vma-dev/ckpts/resnet101-5d3b4d8f.pth 

img_backbone_view.layer2.1.conv3.weight - torch.Size([512, 128, 1, 1]): 
PretrainedInit: load from /homes/zhangzijian/vma-dev/ckpts/resnet101-5d3b4d8f.pth 

img_backbone_view.layer2.1.bn3.weight - torch.Size([512]): 
PretrainedInit: load from /homes/zhangzijian/vma-dev/ckpts/resnet101-5d3b4d8f.pth 

img_backbone_view.layer2.1.bn3.bias - torch.Size([512]): 
PretrainedInit: load from /homes/zhangzijian/vma-dev/ckpts/resnet101-5d3b4d8f.pth 

img_backbone_view.layer2.2.conv1.weight - torch.Size([128, 512, 1, 1]): 
PretrainedInit: load from /homes/zhangzijian/vma-dev/ckpts/resnet101-5d3b4d8f.pth 

img_backbone_view.layer2.2.bn1.weight - torch.Size([128]): 
PretrainedInit: load from /homes/zhangzijian/vma-dev/ckpts/resnet101-5d3b4d8f.pth 

img_backbone_view.layer2.2.bn1.bias - torch.Size([128]): 
PretrainedInit: load from /homes/zhangzijian/vma-dev/ckpts/resnet101-5d3b4d8f.pth 

img_backbone_view.layer2.2.conv2.weight - torch.Size([128, 128, 3, 3]): 
PretrainedInit: load from /homes/zhangzijian/vma-dev/ckpts/resnet101-5d3b4d8f.pth 

img_backbone_view.layer2.2.bn2.weight - torch.Size([128]): 
PretrainedInit: load from /homes/zhangzijian/vma-dev/ckpts/resnet101-5d3b4d8f.pth 

img_backbone_view.layer2.2.bn2.bias - torch.Size([128]): 
PretrainedInit: load from /homes/zhangzijian/vma-dev/ckpts/resnet101-5d3b4d8f.pth 

img_backbone_view.layer2.2.conv3.weight - torch.Size([512, 128, 1, 1]): 
PretrainedInit: load from /homes/zhangzijian/vma-dev/ckpts/resnet101-5d3b4d8f.pth 

img_backbone_view.layer2.2.bn3.weight - torch.Size([512]): 
PretrainedInit: load from /homes/zhangzijian/vma-dev/ckpts/resnet101-5d3b4d8f.pth 

img_backbone_view.layer2.2.bn3.bias - torch.Size([512]): 
PretrainedInit: load from /homes/zhangzijian/vma-dev/ckpts/resnet101-5d3b4d8f.pth 

img_backbone_view.layer2.3.conv1.weight - torch.Size([128, 512, 1, 1]): 
PretrainedInit: load from /homes/zhangzijian/vma-dev/ckpts/resnet101-5d3b4d8f.pth 

img_backbone_view.layer2.3.bn1.weight - torch.Size([128]): 
PretrainedInit: load from /homes/zhangzijian/vma-dev/ckpts/resnet101-5d3b4d8f.pth 

img_backbone_view.layer2.3.bn1.bias - torch.Size([128]): 
PretrainedInit: load from /homes/zhangzijian/vma-dev/ckpts/resnet101-5d3b4d8f.pth 

img_backbone_view.layer2.3.conv2.weight - torch.Size([128, 128, 3, 3]): 
PretrainedInit: load from /homes/zhangzijian/vma-dev/ckpts/resnet101-5d3b4d8f.pth 

img_backbone_view.layer2.3.bn2.weight - torch.Size([128]): 
PretrainedInit: load from /homes/zhangzijian/vma-dev/ckpts/resnet101-5d3b4d8f.pth 

img_backbone_view.layer2.3.bn2.bias - torch.Size([128]): 
PretrainedInit: load from /homes/zhangzijian/vma-dev/ckpts/resnet101-5d3b4d8f.pth 

img_backbone_view.layer2.3.conv3.weight - torch.Size([512, 128, 1, 1]): 
PretrainedInit: load from /homes/zhangzijian/vma-dev/ckpts/resnet101-5d3b4d8f.pth 

img_backbone_view.layer2.3.bn3.weight - torch.Size([512]): 
PretrainedInit: load from /homes/zhangzijian/vma-dev/ckpts/resnet101-5d3b4d8f.pth 

img_backbone_view.layer2.3.bn3.bias - torch.Size([512]): 
PretrainedInit: load from /homes/zhangzijian/vma-dev/ckpts/resnet101-5d3b4d8f.pth 

img_backbone_view.layer3.0.conv1.weight - torch.Size([256, 512, 1, 1]): 
PretrainedInit: load from /homes/zhangzijian/vma-dev/ckpts/resnet101-5d3b4d8f.pth 

img_backbone_view.layer3.0.bn1.weight - torch.Size([256]): 
PretrainedInit: load from /homes/zhangzijian/vma-dev/ckpts/resnet101-5d3b4d8f.pth 

img_backbone_view.layer3.0.bn1.bias - torch.Size([256]): 
PretrainedInit: load from /homes/zhangzijian/vma-dev/ckpts/resnet101-5d3b4d8f.pth 

img_backbone_view.layer3.0.conv2.weight - torch.Size([256, 256, 3, 3]): 
PretrainedInit: load from /homes/zhangzijian/vma-dev/ckpts/resnet101-5d3b4d8f.pth 

img_backbone_view.layer3.0.bn2.weight - torch.Size([256]): 
PretrainedInit: load from /homes/zhangzijian/vma-dev/ckpts/resnet101-5d3b4d8f.pth 

img_backbone_view.layer3.0.bn2.bias - torch.Size([256]): 
PretrainedInit: load from /homes/zhangzijian/vma-dev/ckpts/resnet101-5d3b4d8f.pth 

img_backbone_view.layer3.0.conv3.weight - torch.Size([1024, 256, 1, 1]): 
PretrainedInit: load from /homes/zhangzijian/vma-dev/ckpts/resnet101-5d3b4d8f.pth 

img_backbone_view.layer3.0.bn3.weight - torch.Size([1024]): 
PretrainedInit: load from /homes/zhangzijian/vma-dev/ckpts/resnet101-5d3b4d8f.pth 

img_backbone_view.layer3.0.bn3.bias - torch.Size([1024]): 
PretrainedInit: load from /homes/zhangzijian/vma-dev/ckpts/resnet101-5d3b4d8f.pth 

img_backbone_view.layer3.0.downsample.0.weight - torch.Size([1024, 512, 1, 1]): 
PretrainedInit: load from /homes/zhangzijian/vma-dev/ckpts/resnet101-5d3b4d8f.pth 

img_backbone_view.layer3.0.downsample.1.weight - torch.Size([1024]): 
PretrainedInit: load from /homes/zhangzijian/vma-dev/ckpts/resnet101-5d3b4d8f.pth 

img_backbone_view.layer3.0.downsample.1.bias - torch.Size([1024]): 
PretrainedInit: load from /homes/zhangzijian/vma-dev/ckpts/resnet101-5d3b4d8f.pth 

img_backbone_view.layer3.1.conv1.weight - torch.Size([256, 1024, 1, 1]): 
PretrainedInit: load from /homes/zhangzijian/vma-dev/ckpts/resnet101-5d3b4d8f.pth 

img_backbone_view.layer3.1.bn1.weight - torch.Size([256]): 
PretrainedInit: load from /homes/zhangzijian/vma-dev/ckpts/resnet101-5d3b4d8f.pth 

img_backbone_view.layer3.1.bn1.bias - torch.Size([256]): 
PretrainedInit: load from /homes/zhangzijian/vma-dev/ckpts/resnet101-5d3b4d8f.pth 

img_backbone_view.layer3.1.conv2.weight - torch.Size([256, 256, 3, 3]): 
PretrainedInit: load from /homes/zhangzijian/vma-dev/ckpts/resnet101-5d3b4d8f.pth 

img_backbone_view.layer3.1.bn2.weight - torch.Size([256]): 
PretrainedInit: load from /homes/zhangzijian/vma-dev/ckpts/resnet101-5d3b4d8f.pth 

img_backbone_view.layer3.1.bn2.bias - torch.Size([256]): 
PretrainedInit: load from /homes/zhangzijian/vma-dev/ckpts/resnet101-5d3b4d8f.pth 

img_backbone_view.layer3.1.conv3.weight - torch.Size([1024, 256, 1, 1]): 
PretrainedInit: load from /homes/zhangzijian/vma-dev/ckpts/resnet101-5d3b4d8f.pth 

img_backbone_view.layer3.1.bn3.weight - torch.Size([1024]): 
PretrainedInit: load from /homes/zhangzijian/vma-dev/ckpts/resnet101-5d3b4d8f.pth 

img_backbone_view.layer3.1.bn3.bias - torch.Size([1024]): 
PretrainedInit: load from /homes/zhangzijian/vma-dev/ckpts/resnet101-5d3b4d8f.pth 

img_backbone_view.layer3.2.conv1.weight - torch.Size([256, 1024, 1, 1]): 
PretrainedInit: load from /homes/zhangzijian/vma-dev/ckpts/resnet101-5d3b4d8f.pth 

img_backbone_view.layer3.2.bn1.weight - torch.Size([256]): 
PretrainedInit: load from /homes/zhangzijian/vma-dev/ckpts/resnet101-5d3b4d8f.pth 

img_backbone_view.layer3.2.bn1.bias - torch.Size([256]): 
PretrainedInit: load from /homes/zhangzijian/vma-dev/ckpts/resnet101-5d3b4d8f.pth 

img_backbone_view.layer3.2.conv2.weight - torch.Size([256, 256, 3, 3]): 
PretrainedInit: load from /homes/zhangzijian/vma-dev/ckpts/resnet101-5d3b4d8f.pth 

img_backbone_view.layer3.2.bn2.weight - torch.Size([256]): 
PretrainedInit: load from /homes/zhangzijian/vma-dev/ckpts/resnet101-5d3b4d8f.pth 

img_backbone_view.layer3.2.bn2.bias - torch.Size([256]): 
PretrainedInit: load from /homes/zhangzijian/vma-dev/ckpts/resnet101-5d3b4d8f.pth 

img_backbone_view.layer3.2.conv3.weight - torch.Size([1024, 256, 1, 1]): 
PretrainedInit: load from /homes/zhangzijian/vma-dev/ckpts/resnet101-5d3b4d8f.pth 

img_backbone_view.layer3.2.bn3.weight - torch.Size([1024]): 
PretrainedInit: load from /homes/zhangzijian/vma-dev/ckpts/resnet101-5d3b4d8f.pth 

img_backbone_view.layer3.2.bn3.bias - torch.Size([1024]): 
PretrainedInit: load from /homes/zhangzijian/vma-dev/ckpts/resnet101-5d3b4d8f.pth 

img_backbone_view.layer3.3.conv1.weight - torch.Size([256, 1024, 1, 1]): 
PretrainedInit: load from /homes/zhangzijian/vma-dev/ckpts/resnet101-5d3b4d8f.pth 

img_backbone_view.layer3.3.bn1.weight - torch.Size([256]): 
PretrainedInit: load from /homes/zhangzijian/vma-dev/ckpts/resnet101-5d3b4d8f.pth 

img_backbone_view.layer3.3.bn1.bias - torch.Size([256]): 
PretrainedInit: load from /homes/zhangzijian/vma-dev/ckpts/resnet101-5d3b4d8f.pth 

img_backbone_view.layer3.3.conv2.weight - torch.Size([256, 256, 3, 3]): 
PretrainedInit: load from /homes/zhangzijian/vma-dev/ckpts/resnet101-5d3b4d8f.pth 

img_backbone_view.layer3.3.bn2.weight - torch.Size([256]): 
PretrainedInit: load from /homes/zhangzijian/vma-dev/ckpts/resnet101-5d3b4d8f.pth 

img_backbone_view.layer3.3.bn2.bias - torch.Size([256]): 
PretrainedInit: load from /homes/zhangzijian/vma-dev/ckpts/resnet101-5d3b4d8f.pth 

img_backbone_view.layer3.3.conv3.weight - torch.Size([1024, 256, 1, 1]): 
PretrainedInit: load from /homes/zhangzijian/vma-dev/ckpts/resnet101-5d3b4d8f.pth 

img_backbone_view.layer3.3.bn3.weight - torch.Size([1024]): 
PretrainedInit: load from /homes/zhangzijian/vma-dev/ckpts/resnet101-5d3b4d8f.pth 

img_backbone_view.layer3.3.bn3.bias - torch.Size([1024]): 
PretrainedInit: load from /homes/zhangzijian/vma-dev/ckpts/resnet101-5d3b4d8f.pth 

img_backbone_view.layer3.4.conv1.weight - torch.Size([256, 1024, 1, 1]): 
PretrainedInit: load from /homes/zhangzijian/vma-dev/ckpts/resnet101-5d3b4d8f.pth 

img_backbone_view.layer3.4.bn1.weight - torch.Size([256]): 
PretrainedInit: load from /homes/zhangzijian/vma-dev/ckpts/resnet101-5d3b4d8f.pth 

img_backbone_view.layer3.4.bn1.bias - torch.Size([256]): 
PretrainedInit: load from /homes/zhangzijian/vma-dev/ckpts/resnet101-5d3b4d8f.pth 

img_backbone_view.layer3.4.conv2.weight - torch.Size([256, 256, 3, 3]): 
PretrainedInit: load from /homes/zhangzijian/vma-dev/ckpts/resnet101-5d3b4d8f.pth 

img_backbone_view.layer3.4.bn2.weight - torch.Size([256]): 
PretrainedInit: load from /homes/zhangzijian/vma-dev/ckpts/resnet101-5d3b4d8f.pth 

img_backbone_view.layer3.4.bn2.bias - torch.Size([256]): 
PretrainedInit: load from /homes/zhangzijian/vma-dev/ckpts/resnet101-5d3b4d8f.pth 

img_backbone_view.layer3.4.conv3.weight - torch.Size([1024, 256, 1, 1]): 
PretrainedInit: load from /homes/zhangzijian/vma-dev/ckpts/resnet101-5d3b4d8f.pth 

img_backbone_view.layer3.4.bn3.weight - torch.Size([1024]): 
PretrainedInit: load from /homes/zhangzijian/vma-dev/ckpts/resnet101-5d3b4d8f.pth 

img_backbone_view.layer3.4.bn3.bias - torch.Size([1024]): 
PretrainedInit: load from /homes/zhangzijian/vma-dev/ckpts/resnet101-5d3b4d8f.pth 

img_backbone_view.layer3.5.conv1.weight - torch.Size([256, 1024, 1, 1]): 
PretrainedInit: load from /homes/zhangzijian/vma-dev/ckpts/resnet101-5d3b4d8f.pth 

img_backbone_view.layer3.5.bn1.weight - torch.Size([256]): 
PretrainedInit: load from /homes/zhangzijian/vma-dev/ckpts/resnet101-5d3b4d8f.pth 

img_backbone_view.layer3.5.bn1.bias - torch.Size([256]): 
PretrainedInit: load from /homes/zhangzijian/vma-dev/ckpts/resnet101-5d3b4d8f.pth 

img_backbone_view.layer3.5.conv2.weight - torch.Size([256, 256, 3, 3]): 
PretrainedInit: load from /homes/zhangzijian/vma-dev/ckpts/resnet101-5d3b4d8f.pth 

img_backbone_view.layer3.5.bn2.weight - torch.Size([256]): 
PretrainedInit: load from /homes/zhangzijian/vma-dev/ckpts/resnet101-5d3b4d8f.pth 

img_backbone_view.layer3.5.bn2.bias - torch.Size([256]): 
PretrainedInit: load from /homes/zhangzijian/vma-dev/ckpts/resnet101-5d3b4d8f.pth 

img_backbone_view.layer3.5.conv3.weight - torch.Size([1024, 256, 1, 1]): 
PretrainedInit: load from /homes/zhangzijian/vma-dev/ckpts/resnet101-5d3b4d8f.pth 

img_backbone_view.layer3.5.bn3.weight - torch.Size([1024]): 
PretrainedInit: load from /homes/zhangzijian/vma-dev/ckpts/resnet101-5d3b4d8f.pth 

img_backbone_view.layer3.5.bn3.bias - torch.Size([1024]): 
PretrainedInit: load from /homes/zhangzijian/vma-dev/ckpts/resnet101-5d3b4d8f.pth 

img_backbone_view.layer3.6.conv1.weight - torch.Size([256, 1024, 1, 1]): 
PretrainedInit: load from /homes/zhangzijian/vma-dev/ckpts/resnet101-5d3b4d8f.pth 

img_backbone_view.layer3.6.bn1.weight - torch.Size([256]): 
PretrainedInit: load from /homes/zhangzijian/vma-dev/ckpts/resnet101-5d3b4d8f.pth 

img_backbone_view.layer3.6.bn1.bias - torch.Size([256]): 
PretrainedInit: load from /homes/zhangzijian/vma-dev/ckpts/resnet101-5d3b4d8f.pth 

img_backbone_view.layer3.6.conv2.weight - torch.Size([256, 256, 3, 3]): 
PretrainedInit: load from /homes/zhangzijian/vma-dev/ckpts/resnet101-5d3b4d8f.pth 

img_backbone_view.layer3.6.bn2.weight - torch.Size([256]): 
PretrainedInit: load from /homes/zhangzijian/vma-dev/ckpts/resnet101-5d3b4d8f.pth 

img_backbone_view.layer3.6.bn2.bias - torch.Size([256]): 
PretrainedInit: load from /homes/zhangzijian/vma-dev/ckpts/resnet101-5d3b4d8f.pth 

img_backbone_view.layer3.6.conv3.weight - torch.Size([1024, 256, 1, 1]): 
PretrainedInit: load from /homes/zhangzijian/vma-dev/ckpts/resnet101-5d3b4d8f.pth 

img_backbone_view.layer3.6.bn3.weight - torch.Size([1024]): 
PretrainedInit: load from /homes/zhangzijian/vma-dev/ckpts/resnet101-5d3b4d8f.pth 

img_backbone_view.layer3.6.bn3.bias - torch.Size([1024]): 
PretrainedInit: load from /homes/zhangzijian/vma-dev/ckpts/resnet101-5d3b4d8f.pth 

img_backbone_view.layer3.7.conv1.weight - torch.Size([256, 1024, 1, 1]): 
PretrainedInit: load from /homes/zhangzijian/vma-dev/ckpts/resnet101-5d3b4d8f.pth 

img_backbone_view.layer3.7.bn1.weight - torch.Size([256]): 
PretrainedInit: load from /homes/zhangzijian/vma-dev/ckpts/resnet101-5d3b4d8f.pth 

img_backbone_view.layer3.7.bn1.bias - torch.Size([256]): 
PretrainedInit: load from /homes/zhangzijian/vma-dev/ckpts/resnet101-5d3b4d8f.pth 

img_backbone_view.layer3.7.conv2.weight - torch.Size([256, 256, 3, 3]): 
PretrainedInit: load from /homes/zhangzijian/vma-dev/ckpts/resnet101-5d3b4d8f.pth 

img_backbone_view.layer3.7.bn2.weight - torch.Size([256]): 
PretrainedInit: load from /homes/zhangzijian/vma-dev/ckpts/resnet101-5d3b4d8f.pth 

img_backbone_view.layer3.7.bn2.bias - torch.Size([256]): 
PretrainedInit: load from /homes/zhangzijian/vma-dev/ckpts/resnet101-5d3b4d8f.pth 

img_backbone_view.layer3.7.conv3.weight - torch.Size([1024, 256, 1, 1]): 
PretrainedInit: load from /homes/zhangzijian/vma-dev/ckpts/resnet101-5d3b4d8f.pth 

img_backbone_view.layer3.7.bn3.weight - torch.Size([1024]): 
PretrainedInit: load from /homes/zhangzijian/vma-dev/ckpts/resnet101-5d3b4d8f.pth 

img_backbone_view.layer3.7.bn3.bias - torch.Size([1024]): 
PretrainedInit: load from /homes/zhangzijian/vma-dev/ckpts/resnet101-5d3b4d8f.pth 

img_backbone_view.layer3.8.conv1.weight - torch.Size([256, 1024, 1, 1]): 
PretrainedInit: load from /homes/zhangzijian/vma-dev/ckpts/resnet101-5d3b4d8f.pth 

img_backbone_view.layer3.8.bn1.weight - torch.Size([256]): 
PretrainedInit: load from /homes/zhangzijian/vma-dev/ckpts/resnet101-5d3b4d8f.pth 

img_backbone_view.layer3.8.bn1.bias - torch.Size([256]): 
PretrainedInit: load from /homes/zhangzijian/vma-dev/ckpts/resnet101-5d3b4d8f.pth 

img_backbone_view.layer3.8.conv2.weight - torch.Size([256, 256, 3, 3]): 
PretrainedInit: load from /homes/zhangzijian/vma-dev/ckpts/resnet101-5d3b4d8f.pth 

img_backbone_view.layer3.8.bn2.weight - torch.Size([256]): 
PretrainedInit: load from /homes/zhangzijian/vma-dev/ckpts/resnet101-5d3b4d8f.pth 

img_backbone_view.layer3.8.bn2.bias - torch.Size([256]): 
PretrainedInit: load from /homes/zhangzijian/vma-dev/ckpts/resnet101-5d3b4d8f.pth 

img_backbone_view.layer3.8.conv3.weight - torch.Size([1024, 256, 1, 1]): 
PretrainedInit: load from /homes/zhangzijian/vma-dev/ckpts/resnet101-5d3b4d8f.pth 

img_backbone_view.layer3.8.bn3.weight - torch.Size([1024]): 
PretrainedInit: load from /homes/zhangzijian/vma-dev/ckpts/resnet101-5d3b4d8f.pth 

img_backbone_view.layer3.8.bn3.bias - torch.Size([1024]): 
PretrainedInit: load from /homes/zhangzijian/vma-dev/ckpts/resnet101-5d3b4d8f.pth 

img_backbone_view.layer3.9.conv1.weight - torch.Size([256, 1024, 1, 1]): 
PretrainedInit: load from /homes/zhangzijian/vma-dev/ckpts/resnet101-5d3b4d8f.pth 

img_backbone_view.layer3.9.bn1.weight - torch.Size([256]): 
PretrainedInit: load from /homes/zhangzijian/vma-dev/ckpts/resnet101-5d3b4d8f.pth 

img_backbone_view.layer3.9.bn1.bias - torch.Size([256]): 
PretrainedInit: load from /homes/zhangzijian/vma-dev/ckpts/resnet101-5d3b4d8f.pth 

img_backbone_view.layer3.9.conv2.weight - torch.Size([256, 256, 3, 3]): 
PretrainedInit: load from /homes/zhangzijian/vma-dev/ckpts/resnet101-5d3b4d8f.pth 

img_backbone_view.layer3.9.bn2.weight - torch.Size([256]): 
PretrainedInit: load from /homes/zhangzijian/vma-dev/ckpts/resnet101-5d3b4d8f.pth 

img_backbone_view.layer3.9.bn2.bias - torch.Size([256]): 
PretrainedInit: load from /homes/zhangzijian/vma-dev/ckpts/resnet101-5d3b4d8f.pth 

img_backbone_view.layer3.9.conv3.weight - torch.Size([1024, 256, 1, 1]): 
PretrainedInit: load from /homes/zhangzijian/vma-dev/ckpts/resnet101-5d3b4d8f.pth 

img_backbone_view.layer3.9.bn3.weight - torch.Size([1024]): 
PretrainedInit: load from /homes/zhangzijian/vma-dev/ckpts/resnet101-5d3b4d8f.pth 

img_backbone_view.layer3.9.bn3.bias - torch.Size([1024]): 
PretrainedInit: load from /homes/zhangzijian/vma-dev/ckpts/resnet101-5d3b4d8f.pth 

img_backbone_view.layer3.10.conv1.weight - torch.Size([256, 1024, 1, 1]): 
PretrainedInit: load from /homes/zhangzijian/vma-dev/ckpts/resnet101-5d3b4d8f.pth 

img_backbone_view.layer3.10.bn1.weight - torch.Size([256]): 
PretrainedInit: load from /homes/zhangzijian/vma-dev/ckpts/resnet101-5d3b4d8f.pth 

img_backbone_view.layer3.10.bn1.bias - torch.Size([256]): 
PretrainedInit: load from /homes/zhangzijian/vma-dev/ckpts/resnet101-5d3b4d8f.pth 

img_backbone_view.layer3.10.conv2.weight - torch.Size([256, 256, 3, 3]): 
PretrainedInit: load from /homes/zhangzijian/vma-dev/ckpts/resnet101-5d3b4d8f.pth 

img_backbone_view.layer3.10.bn2.weight - torch.Size([256]): 
PretrainedInit: load from /homes/zhangzijian/vma-dev/ckpts/resnet101-5d3b4d8f.pth 

img_backbone_view.layer3.10.bn2.bias - torch.Size([256]): 
PretrainedInit: load from /homes/zhangzijian/vma-dev/ckpts/resnet101-5d3b4d8f.pth 

img_backbone_view.layer3.10.conv3.weight - torch.Size([1024, 256, 1, 1]): 
PretrainedInit: load from /homes/zhangzijian/vma-dev/ckpts/resnet101-5d3b4d8f.pth 

img_backbone_view.layer3.10.bn3.weight - torch.Size([1024]): 
PretrainedInit: load from /homes/zhangzijian/vma-dev/ckpts/resnet101-5d3b4d8f.pth 

img_backbone_view.layer3.10.bn3.bias - torch.Size([1024]): 
PretrainedInit: load from /homes/zhangzijian/vma-dev/ckpts/resnet101-5d3b4d8f.pth 

img_backbone_view.layer3.11.conv1.weight - torch.Size([256, 1024, 1, 1]): 
PretrainedInit: load from /homes/zhangzijian/vma-dev/ckpts/resnet101-5d3b4d8f.pth 

img_backbone_view.layer3.11.bn1.weight - torch.Size([256]): 
PretrainedInit: load from /homes/zhangzijian/vma-dev/ckpts/resnet101-5d3b4d8f.pth 

img_backbone_view.layer3.11.bn1.bias - torch.Size([256]): 
PretrainedInit: load from /homes/zhangzijian/vma-dev/ckpts/resnet101-5d3b4d8f.pth 

img_backbone_view.layer3.11.conv2.weight - torch.Size([256, 256, 3, 3]): 
PretrainedInit: load from /homes/zhangzijian/vma-dev/ckpts/resnet101-5d3b4d8f.pth 

img_backbone_view.layer3.11.bn2.weight - torch.Size([256]): 
PretrainedInit: load from /homes/zhangzijian/vma-dev/ckpts/resnet101-5d3b4d8f.pth 

img_backbone_view.layer3.11.bn2.bias - torch.Size([256]): 
PretrainedInit: load from /homes/zhangzijian/vma-dev/ckpts/resnet101-5d3b4d8f.pth 

img_backbone_view.layer3.11.conv3.weight - torch.Size([1024, 256, 1, 1]): 
PretrainedInit: load from /homes/zhangzijian/vma-dev/ckpts/resnet101-5d3b4d8f.pth 

img_backbone_view.layer3.11.bn3.weight - torch.Size([1024]): 
PretrainedInit: load from /homes/zhangzijian/vma-dev/ckpts/resnet101-5d3b4d8f.pth 

img_backbone_view.layer3.11.bn3.bias - torch.Size([1024]): 
PretrainedInit: load from /homes/zhangzijian/vma-dev/ckpts/resnet101-5d3b4d8f.pth 

img_backbone_view.layer3.12.conv1.weight - torch.Size([256, 1024, 1, 1]): 
PretrainedInit: load from /homes/zhangzijian/vma-dev/ckpts/resnet101-5d3b4d8f.pth 

img_backbone_view.layer3.12.bn1.weight - torch.Size([256]): 
PretrainedInit: load from /homes/zhangzijian/vma-dev/ckpts/resnet101-5d3b4d8f.pth 

img_backbone_view.layer3.12.bn1.bias - torch.Size([256]): 
PretrainedInit: load from /homes/zhangzijian/vma-dev/ckpts/resnet101-5d3b4d8f.pth 

img_backbone_view.layer3.12.conv2.weight - torch.Size([256, 256, 3, 3]): 
PretrainedInit: load from /homes/zhangzijian/vma-dev/ckpts/resnet101-5d3b4d8f.pth 

img_backbone_view.layer3.12.bn2.weight - torch.Size([256]): 
PretrainedInit: load from /homes/zhangzijian/vma-dev/ckpts/resnet101-5d3b4d8f.pth 

img_backbone_view.layer3.12.bn2.bias - torch.Size([256]): 
PretrainedInit: load from /homes/zhangzijian/vma-dev/ckpts/resnet101-5d3b4d8f.pth 

img_backbone_view.layer3.12.conv3.weight - torch.Size([1024, 256, 1, 1]): 
PretrainedInit: load from /homes/zhangzijian/vma-dev/ckpts/resnet101-5d3b4d8f.pth 

img_backbone_view.layer3.12.bn3.weight - torch.Size([1024]): 
PretrainedInit: load from /homes/zhangzijian/vma-dev/ckpts/resnet101-5d3b4d8f.pth 

img_backbone_view.layer3.12.bn3.bias - torch.Size([1024]): 
PretrainedInit: load from /homes/zhangzijian/vma-dev/ckpts/resnet101-5d3b4d8f.pth 

img_backbone_view.layer3.13.conv1.weight - torch.Size([256, 1024, 1, 1]): 
PretrainedInit: load from /homes/zhangzijian/vma-dev/ckpts/resnet101-5d3b4d8f.pth 

img_backbone_view.layer3.13.bn1.weight - torch.Size([256]): 
PretrainedInit: load from /homes/zhangzijian/vma-dev/ckpts/resnet101-5d3b4d8f.pth 

img_backbone_view.layer3.13.bn1.bias - torch.Size([256]): 
PretrainedInit: load from /homes/zhangzijian/vma-dev/ckpts/resnet101-5d3b4d8f.pth 

img_backbone_view.layer3.13.conv2.weight - torch.Size([256, 256, 3, 3]): 
PretrainedInit: load from /homes/zhangzijian/vma-dev/ckpts/resnet101-5d3b4d8f.pth 

img_backbone_view.layer3.13.bn2.weight - torch.Size([256]): 
PretrainedInit: load from /homes/zhangzijian/vma-dev/ckpts/resnet101-5d3b4d8f.pth 

img_backbone_view.layer3.13.bn2.bias - torch.Size([256]): 
PretrainedInit: load from /homes/zhangzijian/vma-dev/ckpts/resnet101-5d3b4d8f.pth 

img_backbone_view.layer3.13.conv3.weight - torch.Size([1024, 256, 1, 1]): 
PretrainedInit: load from /homes/zhangzijian/vma-dev/ckpts/resnet101-5d3b4d8f.pth 

img_backbone_view.layer3.13.bn3.weight - torch.Size([1024]): 
PretrainedInit: load from /homes/zhangzijian/vma-dev/ckpts/resnet101-5d3b4d8f.pth 

img_backbone_view.layer3.13.bn3.bias - torch.Size([1024]): 
PretrainedInit: load from /homes/zhangzijian/vma-dev/ckpts/resnet101-5d3b4d8f.pth 

img_backbone_view.layer3.14.conv1.weight - torch.Size([256, 1024, 1, 1]): 
PretrainedInit: load from /homes/zhangzijian/vma-dev/ckpts/resnet101-5d3b4d8f.pth 

img_backbone_view.layer3.14.bn1.weight - torch.Size([256]): 
PretrainedInit: load from /homes/zhangzijian/vma-dev/ckpts/resnet101-5d3b4d8f.pth 

img_backbone_view.layer3.14.bn1.bias - torch.Size([256]): 
PretrainedInit: load from /homes/zhangzijian/vma-dev/ckpts/resnet101-5d3b4d8f.pth 

img_backbone_view.layer3.14.conv2.weight - torch.Size([256, 256, 3, 3]): 
PretrainedInit: load from /homes/zhangzijian/vma-dev/ckpts/resnet101-5d3b4d8f.pth 

img_backbone_view.layer3.14.bn2.weight - torch.Size([256]): 
PretrainedInit: load from /homes/zhangzijian/vma-dev/ckpts/resnet101-5d3b4d8f.pth 

img_backbone_view.layer3.14.bn2.bias - torch.Size([256]): 
PretrainedInit: load from /homes/zhangzijian/vma-dev/ckpts/resnet101-5d3b4d8f.pth 

img_backbone_view.layer3.14.conv3.weight - torch.Size([1024, 256, 1, 1]): 
PretrainedInit: load from /homes/zhangzijian/vma-dev/ckpts/resnet101-5d3b4d8f.pth 

img_backbone_view.layer3.14.bn3.weight - torch.Size([1024]): 
PretrainedInit: load from /homes/zhangzijian/vma-dev/ckpts/resnet101-5d3b4d8f.pth 

img_backbone_view.layer3.14.bn3.bias - torch.Size([1024]): 
PretrainedInit: load from /homes/zhangzijian/vma-dev/ckpts/resnet101-5d3b4d8f.pth 

img_backbone_view.layer3.15.conv1.weight - torch.Size([256, 1024, 1, 1]): 
PretrainedInit: load from /homes/zhangzijian/vma-dev/ckpts/resnet101-5d3b4d8f.pth 

img_backbone_view.layer3.15.bn1.weight - torch.Size([256]): 
PretrainedInit: load from /homes/zhangzijian/vma-dev/ckpts/resnet101-5d3b4d8f.pth 

img_backbone_view.layer3.15.bn1.bias - torch.Size([256]): 
PretrainedInit: load from /homes/zhangzijian/vma-dev/ckpts/resnet101-5d3b4d8f.pth 

img_backbone_view.layer3.15.conv2.weight - torch.Size([256, 256, 3, 3]): 
PretrainedInit: load from /homes/zhangzijian/vma-dev/ckpts/resnet101-5d3b4d8f.pth 

img_backbone_view.layer3.15.bn2.weight - torch.Size([256]): 
PretrainedInit: load from /homes/zhangzijian/vma-dev/ckpts/resnet101-5d3b4d8f.pth 

img_backbone_view.layer3.15.bn2.bias - torch.Size([256]): 
PretrainedInit: load from /homes/zhangzijian/vma-dev/ckpts/resnet101-5d3b4d8f.pth 

img_backbone_view.layer3.15.conv3.weight - torch.Size([1024, 256, 1, 1]): 
PretrainedInit: load from /homes/zhangzijian/vma-dev/ckpts/resnet101-5d3b4d8f.pth 

img_backbone_view.layer3.15.bn3.weight - torch.Size([1024]): 
PretrainedInit: load from /homes/zhangzijian/vma-dev/ckpts/resnet101-5d3b4d8f.pth 

img_backbone_view.layer3.15.bn3.bias - torch.Size([1024]): 
PretrainedInit: load from /homes/zhangzijian/vma-dev/ckpts/resnet101-5d3b4d8f.pth 

img_backbone_view.layer3.16.conv1.weight - torch.Size([256, 1024, 1, 1]): 
PretrainedInit: load from /homes/zhangzijian/vma-dev/ckpts/resnet101-5d3b4d8f.pth 

img_backbone_view.layer3.16.bn1.weight - torch.Size([256]): 
PretrainedInit: load from /homes/zhangzijian/vma-dev/ckpts/resnet101-5d3b4d8f.pth 

img_backbone_view.layer3.16.bn1.bias - torch.Size([256]): 
PretrainedInit: load from /homes/zhangzijian/vma-dev/ckpts/resnet101-5d3b4d8f.pth 

img_backbone_view.layer3.16.conv2.weight - torch.Size([256, 256, 3, 3]): 
PretrainedInit: load from /homes/zhangzijian/vma-dev/ckpts/resnet101-5d3b4d8f.pth 

img_backbone_view.layer3.16.bn2.weight - torch.Size([256]): 
PretrainedInit: load from /homes/zhangzijian/vma-dev/ckpts/resnet101-5d3b4d8f.pth 

img_backbone_view.layer3.16.bn2.bias - torch.Size([256]): 
PretrainedInit: load from /homes/zhangzijian/vma-dev/ckpts/resnet101-5d3b4d8f.pth 

img_backbone_view.layer3.16.conv3.weight - torch.Size([1024, 256, 1, 1]): 
PretrainedInit: load from /homes/zhangzijian/vma-dev/ckpts/resnet101-5d3b4d8f.pth 

img_backbone_view.layer3.16.bn3.weight - torch.Size([1024]): 
PretrainedInit: load from /homes/zhangzijian/vma-dev/ckpts/resnet101-5d3b4d8f.pth 

img_backbone_view.layer3.16.bn3.bias - torch.Size([1024]): 
PretrainedInit: load from /homes/zhangzijian/vma-dev/ckpts/resnet101-5d3b4d8f.pth 

img_backbone_view.layer3.17.conv1.weight - torch.Size([256, 1024, 1, 1]): 
PretrainedInit: load from /homes/zhangzijian/vma-dev/ckpts/resnet101-5d3b4d8f.pth 

img_backbone_view.layer3.17.bn1.weight - torch.Size([256]): 
PretrainedInit: load from /homes/zhangzijian/vma-dev/ckpts/resnet101-5d3b4d8f.pth 

img_backbone_view.layer3.17.bn1.bias - torch.Size([256]): 
PretrainedInit: load from /homes/zhangzijian/vma-dev/ckpts/resnet101-5d3b4d8f.pth 

img_backbone_view.layer3.17.conv2.weight - torch.Size([256, 256, 3, 3]): 
PretrainedInit: load from /homes/zhangzijian/vma-dev/ckpts/resnet101-5d3b4d8f.pth 

img_backbone_view.layer3.17.bn2.weight - torch.Size([256]): 
PretrainedInit: load from /homes/zhangzijian/vma-dev/ckpts/resnet101-5d3b4d8f.pth 

img_backbone_view.layer3.17.bn2.bias - torch.Size([256]): 
PretrainedInit: load from /homes/zhangzijian/vma-dev/ckpts/resnet101-5d3b4d8f.pth 

img_backbone_view.layer3.17.conv3.weight - torch.Size([1024, 256, 1, 1]): 
PretrainedInit: load from /homes/zhangzijian/vma-dev/ckpts/resnet101-5d3b4d8f.pth 

img_backbone_view.layer3.17.bn3.weight - torch.Size([1024]): 
PretrainedInit: load from /homes/zhangzijian/vma-dev/ckpts/resnet101-5d3b4d8f.pth 

img_backbone_view.layer3.17.bn3.bias - torch.Size([1024]): 
PretrainedInit: load from /homes/zhangzijian/vma-dev/ckpts/resnet101-5d3b4d8f.pth 

img_backbone_view.layer3.18.conv1.weight - torch.Size([256, 1024, 1, 1]): 
PretrainedInit: load from /homes/zhangzijian/vma-dev/ckpts/resnet101-5d3b4d8f.pth 

img_backbone_view.layer3.18.bn1.weight - torch.Size([256]): 
PretrainedInit: load from /homes/zhangzijian/vma-dev/ckpts/resnet101-5d3b4d8f.pth 

img_backbone_view.layer3.18.bn1.bias - torch.Size([256]): 
PretrainedInit: load from /homes/zhangzijian/vma-dev/ckpts/resnet101-5d3b4d8f.pth 

img_backbone_view.layer3.18.conv2.weight - torch.Size([256, 256, 3, 3]): 
PretrainedInit: load from /homes/zhangzijian/vma-dev/ckpts/resnet101-5d3b4d8f.pth 

img_backbone_view.layer3.18.bn2.weight - torch.Size([256]): 
PretrainedInit: load from /homes/zhangzijian/vma-dev/ckpts/resnet101-5d3b4d8f.pth 

img_backbone_view.layer3.18.bn2.bias - torch.Size([256]): 
PretrainedInit: load from /homes/zhangzijian/vma-dev/ckpts/resnet101-5d3b4d8f.pth 

img_backbone_view.layer3.18.conv3.weight - torch.Size([1024, 256, 1, 1]): 
PretrainedInit: load from /homes/zhangzijian/vma-dev/ckpts/resnet101-5d3b4d8f.pth 

img_backbone_view.layer3.18.bn3.weight - torch.Size([1024]): 
PretrainedInit: load from /homes/zhangzijian/vma-dev/ckpts/resnet101-5d3b4d8f.pth 

img_backbone_view.layer3.18.bn3.bias - torch.Size([1024]): 
PretrainedInit: load from /homes/zhangzijian/vma-dev/ckpts/resnet101-5d3b4d8f.pth 

img_backbone_view.layer3.19.conv1.weight - torch.Size([256, 1024, 1, 1]): 
PretrainedInit: load from /homes/zhangzijian/vma-dev/ckpts/resnet101-5d3b4d8f.pth 

img_backbone_view.layer3.19.bn1.weight - torch.Size([256]): 
PretrainedInit: load from /homes/zhangzijian/vma-dev/ckpts/resnet101-5d3b4d8f.pth 

img_backbone_view.layer3.19.bn1.bias - torch.Size([256]): 
PretrainedInit: load from /homes/zhangzijian/vma-dev/ckpts/resnet101-5d3b4d8f.pth 

img_backbone_view.layer3.19.conv2.weight - torch.Size([256, 256, 3, 3]): 
PretrainedInit: load from /homes/zhangzijian/vma-dev/ckpts/resnet101-5d3b4d8f.pth 

img_backbone_view.layer3.19.bn2.weight - torch.Size([256]): 
PretrainedInit: load from /homes/zhangzijian/vma-dev/ckpts/resnet101-5d3b4d8f.pth 

img_backbone_view.layer3.19.bn2.bias - torch.Size([256]): 
PretrainedInit: load from /homes/zhangzijian/vma-dev/ckpts/resnet101-5d3b4d8f.pth 

img_backbone_view.layer3.19.conv3.weight - torch.Size([1024, 256, 1, 1]): 
PretrainedInit: load from /homes/zhangzijian/vma-dev/ckpts/resnet101-5d3b4d8f.pth 

img_backbone_view.layer3.19.bn3.weight - torch.Size([1024]): 
PretrainedInit: load from /homes/zhangzijian/vma-dev/ckpts/resnet101-5d3b4d8f.pth 

img_backbone_view.layer3.19.bn3.bias - torch.Size([1024]): 
PretrainedInit: load from /homes/zhangzijian/vma-dev/ckpts/resnet101-5d3b4d8f.pth 

img_backbone_view.layer3.20.conv1.weight - torch.Size([256, 1024, 1, 1]): 
PretrainedInit: load from /homes/zhangzijian/vma-dev/ckpts/resnet101-5d3b4d8f.pth 

img_backbone_view.layer3.20.bn1.weight - torch.Size([256]): 
PretrainedInit: load from /homes/zhangzijian/vma-dev/ckpts/resnet101-5d3b4d8f.pth 

img_backbone_view.layer3.20.bn1.bias - torch.Size([256]): 
PretrainedInit: load from /homes/zhangzijian/vma-dev/ckpts/resnet101-5d3b4d8f.pth 

img_backbone_view.layer3.20.conv2.weight - torch.Size([256, 256, 3, 3]): 
PretrainedInit: load from /homes/zhangzijian/vma-dev/ckpts/resnet101-5d3b4d8f.pth 

img_backbone_view.layer3.20.bn2.weight - torch.Size([256]): 
PretrainedInit: load from /homes/zhangzijian/vma-dev/ckpts/resnet101-5d3b4d8f.pth 

img_backbone_view.layer3.20.bn2.bias - torch.Size([256]): 
PretrainedInit: load from /homes/zhangzijian/vma-dev/ckpts/resnet101-5d3b4d8f.pth 

img_backbone_view.layer3.20.conv3.weight - torch.Size([1024, 256, 1, 1]): 
PretrainedInit: load from /homes/zhangzijian/vma-dev/ckpts/resnet101-5d3b4d8f.pth 

img_backbone_view.layer3.20.bn3.weight - torch.Size([1024]): 
PretrainedInit: load from /homes/zhangzijian/vma-dev/ckpts/resnet101-5d3b4d8f.pth 

img_backbone_view.layer3.20.bn3.bias - torch.Size([1024]): 
PretrainedInit: load from /homes/zhangzijian/vma-dev/ckpts/resnet101-5d3b4d8f.pth 

img_backbone_view.layer3.21.conv1.weight - torch.Size([256, 1024, 1, 1]): 
PretrainedInit: load from /homes/zhangzijian/vma-dev/ckpts/resnet101-5d3b4d8f.pth 

img_backbone_view.layer3.21.bn1.weight - torch.Size([256]): 
PretrainedInit: load from /homes/zhangzijian/vma-dev/ckpts/resnet101-5d3b4d8f.pth 

img_backbone_view.layer3.21.bn1.bias - torch.Size([256]): 
PretrainedInit: load from /homes/zhangzijian/vma-dev/ckpts/resnet101-5d3b4d8f.pth 

img_backbone_view.layer3.21.conv2.weight - torch.Size([256, 256, 3, 3]): 
PretrainedInit: load from /homes/zhangzijian/vma-dev/ckpts/resnet101-5d3b4d8f.pth 

img_backbone_view.layer3.21.bn2.weight - torch.Size([256]): 
PretrainedInit: load from /homes/zhangzijian/vma-dev/ckpts/resnet101-5d3b4d8f.pth 

img_backbone_view.layer3.21.bn2.bias - torch.Size([256]): 
PretrainedInit: load from /homes/zhangzijian/vma-dev/ckpts/resnet101-5d3b4d8f.pth 

img_backbone_view.layer3.21.conv3.weight - torch.Size([1024, 256, 1, 1]): 
PretrainedInit: load from /homes/zhangzijian/vma-dev/ckpts/resnet101-5d3b4d8f.pth 

img_backbone_view.layer3.21.bn3.weight - torch.Size([1024]): 
PretrainedInit: load from /homes/zhangzijian/vma-dev/ckpts/resnet101-5d3b4d8f.pth 

img_backbone_view.layer3.21.bn3.bias - torch.Size([1024]): 
PretrainedInit: load from /homes/zhangzijian/vma-dev/ckpts/resnet101-5d3b4d8f.pth 

img_backbone_view.layer3.22.conv1.weight - torch.Size([256, 1024, 1, 1]): 
PretrainedInit: load from /homes/zhangzijian/vma-dev/ckpts/resnet101-5d3b4d8f.pth 

img_backbone_view.layer3.22.bn1.weight - torch.Size([256]): 
PretrainedInit: load from /homes/zhangzijian/vma-dev/ckpts/resnet101-5d3b4d8f.pth 

img_backbone_view.layer3.22.bn1.bias - torch.Size([256]): 
PretrainedInit: load from /homes/zhangzijian/vma-dev/ckpts/resnet101-5d3b4d8f.pth 

img_backbone_view.layer3.22.conv2.weight - torch.Size([256, 256, 3, 3]): 
PretrainedInit: load from /homes/zhangzijian/vma-dev/ckpts/resnet101-5d3b4d8f.pth 

img_backbone_view.layer3.22.bn2.weight - torch.Size([256]): 
PretrainedInit: load from /homes/zhangzijian/vma-dev/ckpts/resnet101-5d3b4d8f.pth 

img_backbone_view.layer3.22.bn2.bias - torch.Size([256]): 
PretrainedInit: load from /homes/zhangzijian/vma-dev/ckpts/resnet101-5d3b4d8f.pth 

img_backbone_view.layer3.22.conv3.weight - torch.Size([1024, 256, 1, 1]): 
PretrainedInit: load from /homes/zhangzijian/vma-dev/ckpts/resnet101-5d3b4d8f.pth 

img_backbone_view.layer3.22.bn3.weight - torch.Size([1024]): 
PretrainedInit: load from /homes/zhangzijian/vma-dev/ckpts/resnet101-5d3b4d8f.pth 

img_backbone_view.layer3.22.bn3.bias - torch.Size([1024]): 
PretrainedInit: load from /homes/zhangzijian/vma-dev/ckpts/resnet101-5d3b4d8f.pth 

img_backbone_view.layer4.0.conv1.weight - torch.Size([512, 1024, 1, 1]): 
PretrainedInit: load from /homes/zhangzijian/vma-dev/ckpts/resnet101-5d3b4d8f.pth 

img_backbone_view.layer4.0.bn1.weight - torch.Size([512]): 
PretrainedInit: load from /homes/zhangzijian/vma-dev/ckpts/resnet101-5d3b4d8f.pth 

img_backbone_view.layer4.0.bn1.bias - torch.Size([512]): 
PretrainedInit: load from /homes/zhangzijian/vma-dev/ckpts/resnet101-5d3b4d8f.pth 

img_backbone_view.layer4.0.conv2.weight - torch.Size([512, 512, 3, 3]): 
PretrainedInit: load from /homes/zhangzijian/vma-dev/ckpts/resnet101-5d3b4d8f.pth 

img_backbone_view.layer4.0.bn2.weight - torch.Size([512]): 
PretrainedInit: load from /homes/zhangzijian/vma-dev/ckpts/resnet101-5d3b4d8f.pth 

img_backbone_view.layer4.0.bn2.bias - torch.Size([512]): 
PretrainedInit: load from /homes/zhangzijian/vma-dev/ckpts/resnet101-5d3b4d8f.pth 

img_backbone_view.layer4.0.conv3.weight - torch.Size([2048, 512, 1, 1]): 
PretrainedInit: load from /homes/zhangzijian/vma-dev/ckpts/resnet101-5d3b4d8f.pth 

img_backbone_view.layer4.0.bn3.weight - torch.Size([2048]): 
PretrainedInit: load from /homes/zhangzijian/vma-dev/ckpts/resnet101-5d3b4d8f.pth 

img_backbone_view.layer4.0.bn3.bias - torch.Size([2048]): 
PretrainedInit: load from /homes/zhangzijian/vma-dev/ckpts/resnet101-5d3b4d8f.pth 

img_backbone_view.layer4.0.downsample.0.weight - torch.Size([2048, 1024, 1, 1]): 
PretrainedInit: load from /homes/zhangzijian/vma-dev/ckpts/resnet101-5d3b4d8f.pth 

img_backbone_view.layer4.0.downsample.1.weight - torch.Size([2048]): 
PretrainedInit: load from /homes/zhangzijian/vma-dev/ckpts/resnet101-5d3b4d8f.pth 

img_backbone_view.layer4.0.downsample.1.bias - torch.Size([2048]): 
PretrainedInit: load from /homes/zhangzijian/vma-dev/ckpts/resnet101-5d3b4d8f.pth 

img_backbone_view.layer4.1.conv1.weight - torch.Size([512, 2048, 1, 1]): 
PretrainedInit: load from /homes/zhangzijian/vma-dev/ckpts/resnet101-5d3b4d8f.pth 

img_backbone_view.layer4.1.bn1.weight - torch.Size([512]): 
PretrainedInit: load from /homes/zhangzijian/vma-dev/ckpts/resnet101-5d3b4d8f.pth 

img_backbone_view.layer4.1.bn1.bias - torch.Size([512]): 
PretrainedInit: load from /homes/zhangzijian/vma-dev/ckpts/resnet101-5d3b4d8f.pth 

img_backbone_view.layer4.1.conv2.weight - torch.Size([512, 512, 3, 3]): 
PretrainedInit: load from /homes/zhangzijian/vma-dev/ckpts/resnet101-5d3b4d8f.pth 

img_backbone_view.layer4.1.bn2.weight - torch.Size([512]): 
PretrainedInit: load from /homes/zhangzijian/vma-dev/ckpts/resnet101-5d3b4d8f.pth 

img_backbone_view.layer4.1.bn2.bias - torch.Size([512]): 
PretrainedInit: load from /homes/zhangzijian/vma-dev/ckpts/resnet101-5d3b4d8f.pth 

img_backbone_view.layer4.1.conv3.weight - torch.Size([2048, 512, 1, 1]): 
PretrainedInit: load from /homes/zhangzijian/vma-dev/ckpts/resnet101-5d3b4d8f.pth 

img_backbone_view.layer4.1.bn3.weight - torch.Size([2048]): 
PretrainedInit: load from /homes/zhangzijian/vma-dev/ckpts/resnet101-5d3b4d8f.pth 

img_backbone_view.layer4.1.bn3.bias - torch.Size([2048]): 
PretrainedInit: load from /homes/zhangzijian/vma-dev/ckpts/resnet101-5d3b4d8f.pth 

img_backbone_view.layer4.2.conv1.weight - torch.Size([512, 2048, 1, 1]): 
PretrainedInit: load from /homes/zhangzijian/vma-dev/ckpts/resnet101-5d3b4d8f.pth 

img_backbone_view.layer4.2.bn1.weight - torch.Size([512]): 
PretrainedInit: load from /homes/zhangzijian/vma-dev/ckpts/resnet101-5d3b4d8f.pth 

img_backbone_view.layer4.2.bn1.bias - torch.Size([512]): 
PretrainedInit: load from /homes/zhangzijian/vma-dev/ckpts/resnet101-5d3b4d8f.pth 

img_backbone_view.layer4.2.conv2.weight - torch.Size([512, 512, 3, 3]): 
PretrainedInit: load from /homes/zhangzijian/vma-dev/ckpts/resnet101-5d3b4d8f.pth 

img_backbone_view.layer4.2.bn2.weight - torch.Size([512]): 
PretrainedInit: load from /homes/zhangzijian/vma-dev/ckpts/resnet101-5d3b4d8f.pth 

img_backbone_view.layer4.2.bn2.bias - torch.Size([512]): 
PretrainedInit: load from /homes/zhangzijian/vma-dev/ckpts/resnet101-5d3b4d8f.pth 

img_backbone_view.layer4.2.conv3.weight - torch.Size([2048, 512, 1, 1]): 
PretrainedInit: load from /homes/zhangzijian/vma-dev/ckpts/resnet101-5d3b4d8f.pth 

img_backbone_view.layer4.2.bn3.weight - torch.Size([2048]): 
PretrainedInit: load from /homes/zhangzijian/vma-dev/ckpts/resnet101-5d3b4d8f.pth 

img_backbone_view.layer4.2.bn3.bias - torch.Size([2048]): 
PretrainedInit: load from /homes/zhangzijian/vma-dev/ckpts/resnet101-5d3b4d8f.pth 

img_neck_view.convs.0.conv.weight - torch.Size([256, 512, 1, 1]): 
XavierInit: gain=1, distribution=uniform, bias=0 

img_neck_view.convs.0.gn.weight - torch.Size([256]): 
The value is the same before and after calling `init_weights` of VMA  

img_neck_view.convs.0.gn.bias - torch.Size([256]): 
The value is the same before and after calling `init_weights` of VMA  

img_neck_view.convs.1.conv.weight - torch.Size([256, 1024, 1, 1]): 
XavierInit: gain=1, distribution=uniform, bias=0 

img_neck_view.convs.1.gn.weight - torch.Size([256]): 
The value is the same before and after calling `init_weights` of VMA  

img_neck_view.convs.1.gn.bias - torch.Size([256]): 
The value is the same before and after calling `init_weights` of VMA  

img_neck_view.convs.2.conv.weight - torch.Size([256, 2048, 1, 1]): 
XavierInit: gain=1, distribution=uniform, bias=0 

img_neck_view.convs.2.gn.weight - torch.Size([256]): 
The value is the same before and after calling `init_weights` of VMA  

img_neck_view.convs.2.gn.bias - torch.Size([256]): 
The value is the same before and after calling `init_weights` of VMA  

img_neck_view.extra_convs.0.conv.weight - torch.Size([256, 2048, 3, 3]): 
XavierInit: gain=1, distribution=uniform, bias=0 

img_neck_view.extra_convs.0.gn.weight - torch.Size([256]): 
The value is the same before and after calling `init_weights` of VMA  

img_neck_view.extra_convs.0.gn.bias - torch.Size([256]): 
The value is the same before and after calling `init_weights` of VMA  
2026-01-06 15:47:13,282 - mmdet - INFO - Model:
VMA(
  (pts_bbox_head): VMAHead(
    (loss_cls): FocalLoss()
    (loss_bbox): L1Loss()
    (loss_iou): GIoULoss()
    (activate): ReLU(inplace=True)
    (positional_encoding): SinePositionalEncoding(num_feats=128, temperature=10000, normalize=True, scale=6.283185307179586, eps=1e-06)
    (transformer): DeformableDetrTransformer(
      (encoder): DetrTransformerEncoder(
        (layers): ModuleList(
          (0): BaseTransformerLayer(
            (attentions): ModuleList(
              (0): MultiScaleDeformableAttention(
                (dropout): Dropout(p=0.1, inplace=False)
                (sampling_offsets): Linear(in_features=256, out_features=256, bias=True)
                (attention_weights): Linear(in_features=256, out_features=128, bias=True)
                (value_proj): Linear(in_features=256, out_features=256, bias=True)
                (output_proj): Linear(in_features=256, out_features=256, bias=True)
              )
            )
            (ffns): ModuleList(
              (0): FFN(
                (activate): ReLU(inplace=True)
                (layers): Sequential(
                  (0): Sequential(
                    (0): Linear(in_features=256, out_features=1024, bias=True)
                    (1): ReLU(inplace=True)
                    (2): Dropout(p=0.1, inplace=False)
                  )
                  (1): Linear(in_features=1024, out_features=256, bias=True)
                  (2): Dropout(p=0.1, inplace=False)
                )
                (dropout_layer): Identity()
              )
            )
            (norms): ModuleList(
              (0): LayerNorm((256,), eps=1e-05, elementwise_affine=True)
              (1): LayerNorm((256,), eps=1e-05, elementwise_affine=True)
            )
          )
          (1): BaseTransformerLayer(
            (attentions): ModuleList(
              (0): MultiScaleDeformableAttention(
                (dropout): Dropout(p=0.1, inplace=False)
                (sampling_offsets): Linear(in_features=256, out_features=256, bias=True)
                (attention_weights): Linear(in_features=256, out_features=128, bias=True)
                (value_proj): Linear(in_features=256, out_features=256, bias=True)
                (output_proj): Linear(in_features=256, out_features=256, bias=True)
              )
            )
            (ffns): ModuleList(
              (0): FFN(
                (activate): ReLU(inplace=True)
                (layers): Sequential(
                  (0): Sequential(
                    (0): Linear(in_features=256, out_features=1024, bias=True)
                    (1): ReLU(inplace=True)
                    (2): Dropout(p=0.1, inplace=False)
                  )
                  (1): Linear(in_features=1024, out_features=256, bias=True)
                  (2): Dropout(p=0.1, inplace=False)
                )
                (dropout_layer): Identity()
              )
            )
            (norms): ModuleList(
              (0): LayerNorm((256,), eps=1e-05, elementwise_affine=True)
              (1): LayerNorm((256,), eps=1e-05, elementwise_affine=True)
            )
          )
          (2): BaseTransformerLayer(
            (attentions): ModuleList(
              (0): MultiScaleDeformableAttention(
                (dropout): Dropout(p=0.1, inplace=False)
                (sampling_offsets): Linear(in_features=256, out_features=256, bias=True)
                (attention_weights): Linear(in_features=256, out_features=128, bias=True)
                (value_proj): Linear(in_features=256, out_features=256, bias=True)
                (output_proj): Linear(in_features=256, out_features=256, bias=True)
              )
            )
            (ffns): ModuleList(
              (0): FFN(
                (activate): ReLU(inplace=True)
                (layers): Sequential(
                  (0): Sequential(
                    (0): Linear(in_features=256, out_features=1024, bias=True)
                    (1): ReLU(inplace=True)
                    (2): Dropout(p=0.1, inplace=False)
                  )
                  (1): Linear(in_features=1024, out_features=256, bias=True)
                  (2): Dropout(p=0.1, inplace=False)
                )
                (dropout_layer): Identity()
              )
            )
            (norms): ModuleList(
              (0): LayerNorm((256,), eps=1e-05, elementwise_affine=True)
              (1): LayerNorm((256,), eps=1e-05, elementwise_affine=True)
            )
          )
          (3): BaseTransformerLayer(
            (attentions): ModuleList(
              (0): MultiScaleDeformableAttention(
                (dropout): Dropout(p=0.1, inplace=False)
                (sampling_offsets): Linear(in_features=256, out_features=256, bias=True)
                (attention_weights): Linear(in_features=256, out_features=128, bias=True)
                (value_proj): Linear(in_features=256, out_features=256, bias=True)
                (output_proj): Linear(in_features=256, out_features=256, bias=True)
              )
            )
            (ffns): ModuleList(
              (0): FFN(
                (activate): ReLU(inplace=True)
                (layers): Sequential(
                  (0): Sequential(
                    (0): Linear(in_features=256, out_features=1024, bias=True)
                    (1): ReLU(inplace=True)
                    (2): Dropout(p=0.1, inplace=False)
                  )
                  (1): Linear(in_features=1024, out_features=256, bias=True)
                  (2): Dropout(p=0.1, inplace=False)
                )
                (dropout_layer): Identity()
              )
            )
            (norms): ModuleList(
              (0): LayerNorm((256,), eps=1e-05, elementwise_affine=True)
              (1): LayerNorm((256,), eps=1e-05, elementwise_affine=True)
            )
          )
          (4): BaseTransformerLayer(
            (attentions): ModuleList(
              (0): MultiScaleDeformableAttention(
                (dropout): Dropout(p=0.1, inplace=False)
                (sampling_offsets): Linear(in_features=256, out_features=256, bias=True)
                (attention_weights): Linear(in_features=256, out_features=128, bias=True)
                (value_proj): Linear(in_features=256, out_features=256, bias=True)
                (output_proj): Linear(in_features=256, out_features=256, bias=True)
              )
            )
            (ffns): ModuleList(
              (0): FFN(
                (activate): ReLU(inplace=True)
                (layers): Sequential(
                  (0): Sequential(
                    (0): Linear(in_features=256, out_features=1024, bias=True)
                    (1): ReLU(inplace=True)
                    (2): Dropout(p=0.1, inplace=False)
                  )
                  (1): Linear(in_features=1024, out_features=256, bias=True)
                  (2): Dropout(p=0.1, inplace=False)
                )
                (dropout_layer): Identity()
              )
            )
            (norms): ModuleList(
              (0): LayerNorm((256,), eps=1e-05, elementwise_affine=True)
              (1): LayerNorm((256,), eps=1e-05, elementwise_affine=True)
            )
          )
          (5): BaseTransformerLayer(
            (attentions): ModuleList(
              (0): MultiScaleDeformableAttention(
                (dropout): Dropout(p=0.1, inplace=False)
                (sampling_offsets): Linear(in_features=256, out_features=256, bias=True)
                (attention_weights): Linear(in_features=256, out_features=128, bias=True)
                (value_proj): Linear(in_features=256, out_features=256, bias=True)
                (output_proj): Linear(in_features=256, out_features=256, bias=True)
              )
            )
            (ffns): ModuleList(
              (0): FFN(
                (activate): ReLU(inplace=True)
                (layers): Sequential(
                  (0): Sequential(
                    (0): Linear(in_features=256, out_features=1024, bias=True)
                    (1): ReLU(inplace=True)
                    (2): Dropout(p=0.1, inplace=False)
                  )
                  (1): Linear(in_features=1024, out_features=256, bias=True)
                  (2): Dropout(p=0.1, inplace=False)
                )
                (dropout_layer): Identity()
              )
            )
            (norms): ModuleList(
              (0): LayerNorm((256,), eps=1e-05, elementwise_affine=True)
              (1): LayerNorm((256,), eps=1e-05, elementwise_affine=True)
            )
          )
        )
      )
      (decoder): VMADetectionTransformerDecoder(
        (layers): ModuleList(
          (0): DetrTransformerDecoderLayer(
            (attentions): ModuleList(
              (0): MultiheadAttention(
                (attn): MultiheadAttention(
                  (out_proj): NonDynamicallyQuantizableLinear(in_features=256, out_features=256, bias=True)
                )
                (proj_drop): Dropout(p=0.0, inplace=False)
                (dropout_layer): Dropout(p=0.1, inplace=False)
              )
              (1): CustomMSDeformableAttention(
                (dropout): Dropout(p=0.1, inplace=False)
                (sampling_offsets): Linear(in_features=256, out_features=256, bias=True)
                (attention_weights): Linear(in_features=256, out_features=128, bias=True)
                (value_proj): Linear(in_features=256, out_features=256, bias=True)
                (output_proj): Linear(in_features=256, out_features=256, bias=True)
              )
            )
            (ffns): ModuleList(
              (0): FFN(
                (activate): ReLU(inplace=True)
                (layers): Sequential(
                  (0): Sequential(
                    (0): Linear(in_features=256, out_features=512, bias=True)
                    (1): ReLU(inplace=True)
                    (2): Dropout(p=0.1, inplace=False)
                  )
                  (1): Linear(in_features=512, out_features=256, bias=True)
                  (2): Dropout(p=0.1, inplace=False)
                )
                (dropout_layer): Identity()
              )
            )
            (norms): ModuleList(
              (0): LayerNorm((256,), eps=1e-05, elementwise_affine=True)
              (1): LayerNorm((256,), eps=1e-05, elementwise_affine=True)
              (2): LayerNorm((256,), eps=1e-05, elementwise_affine=True)
            )
          )
          (1): DetrTransformerDecoderLayer(
            (attentions): ModuleList(
              (0): MultiheadAttention(
                (attn): MultiheadAttention(
                  (out_proj): NonDynamicallyQuantizableLinear(in_features=256, out_features=256, bias=True)
                )
                (proj_drop): Dropout(p=0.0, inplace=False)
                (dropout_layer): Dropout(p=0.1, inplace=False)
              )
              (1): CustomMSDeformableAttention(
                (dropout): Dropout(p=0.1, inplace=False)
                (sampling_offsets): Linear(in_features=256, out_features=256, bias=True)
                (attention_weights): Linear(in_features=256, out_features=128, bias=True)
                (value_proj): Linear(in_features=256, out_features=256, bias=True)
                (output_proj): Linear(in_features=256, out_features=256, bias=True)
              )
            )
            (ffns): ModuleList(
              (0): FFN(
                (activate): ReLU(inplace=True)
                (layers): Sequential(
                  (0): Sequential(
                    (0): Linear(in_features=256, out_features=512, bias=True)
                    (1): ReLU(inplace=True)
                    (2): Dropout(p=0.1, inplace=False)
                  )
                  (1): Linear(in_features=512, out_features=256, bias=True)
                  (2): Dropout(p=0.1, inplace=False)
                )
                (dropout_layer): Identity()
              )
            )
            (norms): ModuleList(
              (0): LayerNorm((256,), eps=1e-05, elementwise_affine=True)
              (1): LayerNorm((256,), eps=1e-05, elementwise_affine=True)
              (2): LayerNorm((256,), eps=1e-05, elementwise_affine=True)
            )
          )
          (2): DetrTransformerDecoderLayer(
            (attentions): ModuleList(
              (0): MultiheadAttention(
                (attn): MultiheadAttention(
                  (out_proj): NonDynamicallyQuantizableLinear(in_features=256, out_features=256, bias=True)
                )
                (proj_drop): Dropout(p=0.0, inplace=False)
                (dropout_layer): Dropout(p=0.1, inplace=False)
              )
              (1): CustomMSDeformableAttention(
                (dropout): Dropout(p=0.1, inplace=False)
                (sampling_offsets): Linear(in_features=256, out_features=256, bias=True)
                (attention_weights): Linear(in_features=256, out_features=128, bias=True)
                (value_proj): Linear(in_features=256, out_features=256, bias=True)
                (output_proj): Linear(in_features=256, out_features=256, bias=True)
              )
            )
            (ffns): ModuleList(
              (0): FFN(
                (activate): ReLU(inplace=True)
                (layers): Sequential(
                  (0): Sequential(
                    (0): Linear(in_features=256, out_features=512, bias=True)
                    (1): ReLU(inplace=True)
                    (2): Dropout(p=0.1, inplace=False)
                  )
                  (1): Linear(in_features=512, out_features=256, bias=True)
                  (2): Dropout(p=0.1, inplace=False)
                )
                (dropout_layer): Identity()
              )
            )
            (norms): ModuleList(
              (0): LayerNorm((256,), eps=1e-05, elementwise_affine=True)
              (1): LayerNorm((256,), eps=1e-05, elementwise_affine=True)
              (2): LayerNorm((256,), eps=1e-05, elementwise_affine=True)
            )
          )
          (3): DetrTransformerDecoderLayer(
            (attentions): ModuleList(
              (0): MultiheadAttention(
                (attn): MultiheadAttention(
                  (out_proj): NonDynamicallyQuantizableLinear(in_features=256, out_features=256, bias=True)
                )
                (proj_drop): Dropout(p=0.0, inplace=False)
                (dropout_layer): Dropout(p=0.1, inplace=False)
              )
              (1): CustomMSDeformableAttention(
                (dropout): Dropout(p=0.1, inplace=False)
                (sampling_offsets): Linear(in_features=256, out_features=256, bias=True)
                (attention_weights): Linear(in_features=256, out_features=128, bias=True)
                (value_proj): Linear(in_features=256, out_features=256, bias=True)
                (output_proj): Linear(in_features=256, out_features=256, bias=True)
              )
            )
            (ffns): ModuleList(
              (0): FFN(
                (activate): ReLU(inplace=True)
                (layers): Sequential(
                  (0): Sequential(
                    (0): Linear(in_features=256, out_features=512, bias=True)
                    (1): ReLU(inplace=True)
                    (2): Dropout(p=0.1, inplace=False)
                  )
                  (1): Linear(in_features=512, out_features=256, bias=True)
                  (2): Dropout(p=0.1, inplace=False)
                )
                (dropout_layer): Identity()
              )
            )
            (norms): ModuleList(
              (0): LayerNorm((256,), eps=1e-05, elementwise_affine=True)
              (1): LayerNorm((256,), eps=1e-05, elementwise_affine=True)
              (2): LayerNorm((256,), eps=1e-05, elementwise_affine=True)
            )
          )
          (4): DetrTransformerDecoderLayer(
            (attentions): ModuleList(
              (0): MultiheadAttention(
                (attn): MultiheadAttention(
                  (out_proj): NonDynamicallyQuantizableLinear(in_features=256, out_features=256, bias=True)
                )
                (proj_drop): Dropout(p=0.0, inplace=False)
                (dropout_layer): Dropout(p=0.1, inplace=False)
              )
              (1): CustomMSDeformableAttention(
                (dropout): Dropout(p=0.1, inplace=False)
                (sampling_offsets): Linear(in_features=256, out_features=256, bias=True)
                (attention_weights): Linear(in_features=256, out_features=128, bias=True)
                (value_proj): Linear(in_features=256, out_features=256, bias=True)
                (output_proj): Linear(in_features=256, out_features=256, bias=True)
              )
            )
            (ffns): ModuleList(
              (0): FFN(
                (activate): ReLU(inplace=True)
                (layers): Sequential(
                  (0): Sequential(
                    (0): Linear(in_features=256, out_features=512, bias=True)
                    (1): ReLU(inplace=True)
                    (2): Dropout(p=0.1, inplace=False)
                  )
                  (1): Linear(in_features=512, out_features=256, bias=True)
                  (2): Dropout(p=0.1, inplace=False)
                )
                (dropout_layer): Identity()
              )
            )
            (norms): ModuleList(
              (0): LayerNorm((256,), eps=1e-05, elementwise_affine=True)
              (1): LayerNorm((256,), eps=1e-05, elementwise_affine=True)
              (2): LayerNorm((256,), eps=1e-05, elementwise_affine=True)
            )
          )
          (5): DetrTransformerDecoderLayer(
            (attentions): ModuleList(
              (0): MultiheadAttention(
                (attn): MultiheadAttention(
                  (out_proj): NonDynamicallyQuantizableLinear(in_features=256, out_features=256, bias=True)
                )
                (proj_drop): Dropout(p=0.0, inplace=False)
                (dropout_layer): Dropout(p=0.1, inplace=False)
              )
              (1): CustomMSDeformableAttention(
                (dropout): Dropout(p=0.1, inplace=False)
                (sampling_offsets): Linear(in_features=256, out_features=256, bias=True)
                (attention_weights): Linear(in_features=256, out_features=128, bias=True)
                (value_proj): Linear(in_features=256, out_features=256, bias=True)
                (output_proj): Linear(in_features=256, out_features=256, bias=True)
              )
            )
            (ffns): ModuleList(
              (0): FFN(
                (activate): ReLU(inplace=True)
                (layers): Sequential(
                  (0): Sequential(
                    (0): Linear(in_features=256, out_features=512, bias=True)
                    (1): ReLU(inplace=True)
                    (2): Dropout(p=0.1, inplace=False)
                  )
                  (1): Linear(in_features=512, out_features=256, bias=True)
                  (2): Dropout(p=0.1, inplace=False)
                )
                (dropout_layer): Identity()
              )
            )
            (norms): ModuleList(
              (0): LayerNorm((256,), eps=1e-05, elementwise_affine=True)
              (1): LayerNorm((256,), eps=1e-05, elementwise_affine=True)
              (2): LayerNorm((256,), eps=1e-05, elementwise_affine=True)
            )
          )
        )
      )
      (reference_points): Linear(in_features=256, out_features=2, bias=True)
    )
    (cls_branches): ModuleList(
      (0): Sequential(
        (0): Linear(in_features=256, out_features=256, bias=True)
        (1): LayerNorm((256,), eps=1e-05, elementwise_affine=True)
        (2): ReLU(inplace=True)
        (3): Linear(in_features=256, out_features=256, bias=True)
        (4): LayerNorm((256,), eps=1e-05, elementwise_affine=True)
        (5): ReLU(inplace=True)
        (6): Linear(in_features=256, out_features=3, bias=True)
      )
      (1): Sequential(
        (0): Linear(in_features=256, out_features=256, bias=True)
        (1): LayerNorm((256,), eps=1e-05, elementwise_affine=True)
        (2): ReLU(inplace=True)
        (3): Linear(in_features=256, out_features=256, bias=True)
        (4): LayerNorm((256,), eps=1e-05, elementwise_affine=True)
        (5): ReLU(inplace=True)
        (6): Linear(in_features=256, out_features=3, bias=True)
      )
      (2): Sequential(
        (0): Linear(in_features=256, out_features=256, bias=True)
        (1): LayerNorm((256,), eps=1e-05, elementwise_affine=True)
        (2): ReLU(inplace=True)
        (3): Linear(in_features=256, out_features=256, bias=True)
        (4): LayerNorm((256,), eps=1e-05, elementwise_affine=True)
        (5): ReLU(inplace=True)
        (6): Linear(in_features=256, out_features=3, bias=True)
      )
      (3): Sequential(
        (0): Linear(in_features=256, out_features=256, bias=True)
        (1): LayerNorm((256,), eps=1e-05, elementwise_affine=True)
        (2): ReLU(inplace=True)
        (3): Linear(in_features=256, out_features=256, bias=True)
        (4): LayerNorm((256,), eps=1e-05, elementwise_affine=True)
        (5): ReLU(inplace=True)
        (6): Linear(in_features=256, out_features=3, bias=True)
      )
      (4): Sequential(
        (0): Linear(in_features=256, out_features=256, bias=True)
        (1): LayerNorm((256,), eps=1e-05, elementwise_affine=True)
        (2): ReLU(inplace=True)
        (3): Linear(in_features=256, out_features=256, bias=True)
        (4): LayerNorm((256,), eps=1e-05, elementwise_affine=True)
        (5): ReLU(inplace=True)
        (6): Linear(in_features=256, out_features=3, bias=True)
      )
      (5): Sequential(
        (0): Linear(in_features=256, out_features=256, bias=True)
        (1): LayerNorm((256,), eps=1e-05, elementwise_affine=True)
        (2): ReLU(inplace=True)
        (3): Linear(in_features=256, out_features=256, bias=True)
        (4): LayerNorm((256,), eps=1e-05, elementwise_affine=True)
        (5): ReLU(inplace=True)
        (6): Linear(in_features=256, out_features=3, bias=True)
      )
    )
    (reg_branches): ModuleList(
      (0): Sequential(
        (0): Linear(in_features=256, out_features=256, bias=True)
        (1): ReLU()
        (2): Linear(in_features=256, out_features=256, bias=True)
        (3): ReLU()
        (4): Linear(in_features=256, out_features=2, bias=True)
      )
      (1): Sequential(
        (0): Linear(in_features=256, out_features=256, bias=True)
        (1): ReLU()
        (2): Linear(in_features=256, out_features=256, bias=True)
        (3): ReLU()
        (4): Linear(in_features=256, out_features=2, bias=True)
      )
      (2): Sequential(
        (0): Linear(in_features=256, out_features=256, bias=True)
        (1): ReLU()
        (2): Linear(in_features=256, out_features=256, bias=True)
        (3): ReLU()
        (4): Linear(in_features=256, out_features=2, bias=True)
      )
      (3): Sequential(
        (0): Linear(in_features=256, out_features=256, bias=True)
        (1): ReLU()
        (2): Linear(in_features=256, out_features=256, bias=True)
        (3): ReLU()
        (4): Linear(in_features=256, out_features=2, bias=True)
      )
      (4): Sequential(
        (0): Linear(in_features=256, out_features=256, bias=True)
        (1): ReLU()
        (2): Linear(in_features=256, out_features=256, bias=True)
        (3): ReLU()
        (4): Linear(in_features=256, out_features=2, bias=True)
      )
      (5): Sequential(
        (0): Linear(in_features=256, out_features=256, bias=True)
        (1): ReLU()
        (2): Linear(in_features=256, out_features=256, bias=True)
        (3): ReLU()
        (4): Linear(in_features=256, out_features=2, bias=True)
      )
    )
    (attr_head_branches): ModuleList(
      (0): Attribute_Classifier(
        (attr_0_out_10_class_head): Sequential(
          (0): Linear(in_features=256, out_features=256, bias=True)
          (1): LayerNorm((256,), eps=1e-05, elementwise_affine=True)
          (2): ReLU()
          (3): Linear(in_features=256, out_features=256, bias=True)
          (4): LayerNorm((256,), eps=1e-05, elementwise_affine=True)
          (5): ReLU()
          (6): Linear(in_features=256, out_features=10, bias=True)
        )
        (attr_1_out_7_class_head): Sequential(
          (0): Linear(in_features=256, out_features=256, bias=True)
          (1): LayerNorm((256,), eps=1e-05, elementwise_affine=True)
          (2): ReLU()
          (3): Linear(in_features=256, out_features=256, bias=True)
          (4): LayerNorm((256,), eps=1e-05, elementwise_affine=True)
          (5): ReLU()
          (6): Linear(in_features=256, out_features=7, bias=True)
        )
        (attr_2_out_5_class_head): Sequential(
          (0): Linear(in_features=256, out_features=256, bias=True)
          (1): LayerNorm((256,), eps=1e-05, elementwise_affine=True)
          (2): ReLU()
          (3): Linear(in_features=256, out_features=256, bias=True)
          (4): LayerNorm((256,), eps=1e-05, elementwise_affine=True)
          (5): ReLU()
          (6): Linear(in_features=256, out_features=5, bias=True)
        )
        (attr_3_out_8_class_head): Sequential(
          (0): Linear(in_features=256, out_features=256, bias=True)
          (1): LayerNorm((256,), eps=1e-05, elementwise_affine=True)
          (2): ReLU()
          (3): Linear(in_features=256, out_features=256, bias=True)
          (4): LayerNorm((256,), eps=1e-05, elementwise_affine=True)
          (5): ReLU()
          (6): Linear(in_features=256, out_features=8, bias=True)
        )
        (attr_4_out_3_class_head): Sequential(
          (0): Linear(in_features=256, out_features=256, bias=True)
          (1): LayerNorm((256,), eps=1e-05, elementwise_affine=True)
          (2): ReLU()
          (3): Linear(in_features=256, out_features=256, bias=True)
          (4): LayerNorm((256,), eps=1e-05, elementwise_affine=True)
          (5): ReLU()
          (6): Linear(in_features=256, out_features=3, bias=True)
        )
      )
      (1): Attribute_Classifier(
        (attr_0_out_10_class_head): Sequential(
          (0): Linear(in_features=256, out_features=256, bias=True)
          (1): LayerNorm((256,), eps=1e-05, elementwise_affine=True)
          (2): ReLU()
          (3): Linear(in_features=256, out_features=256, bias=True)
          (4): LayerNorm((256,), eps=1e-05, elementwise_affine=True)
          (5): ReLU()
          (6): Linear(in_features=256, out_features=10, bias=True)
        )
        (attr_1_out_7_class_head): Sequential(
          (0): Linear(in_features=256, out_features=256, bias=True)
          (1): LayerNorm((256,), eps=1e-05, elementwise_affine=True)
          (2): ReLU()
          (3): Linear(in_features=256, out_features=256, bias=True)
          (4): LayerNorm((256,), eps=1e-05, elementwise_affine=True)
          (5): ReLU()
          (6): Linear(in_features=256, out_features=7, bias=True)
        )
        (attr_2_out_5_class_head): Sequential(
          (0): Linear(in_features=256, out_features=256, bias=True)
          (1): LayerNorm((256,), eps=1e-05, elementwise_affine=True)
          (2): ReLU()
          (3): Linear(in_features=256, out_features=256, bias=True)
          (4): LayerNorm((256,), eps=1e-05, elementwise_affine=True)
          (5): ReLU()
          (6): Linear(in_features=256, out_features=5, bias=True)
        )
        (attr_3_out_8_class_head): Sequential(
          (0): Linear(in_features=256, out_features=256, bias=True)
          (1): LayerNorm((256,), eps=1e-05, elementwise_affine=True)
          (2): ReLU()
          (3): Linear(in_features=256, out_features=256, bias=True)
          (4): LayerNorm((256,), eps=1e-05, elementwise_affine=True)
          (5): ReLU()
          (6): Linear(in_features=256, out_features=8, bias=True)
        )
        (attr_4_out_3_class_head): Sequential(
          (0): Linear(in_features=256, out_features=256, bias=True)
          (1): LayerNorm((256,), eps=1e-05, elementwise_affine=True)
          (2): ReLU()
          (3): Linear(in_features=256, out_features=256, bias=True)
          (4): LayerNorm((256,), eps=1e-05, elementwise_affine=True)
          (5): ReLU()
          (6): Linear(in_features=256, out_features=3, bias=True)
        )
      )
      (2): Attribute_Classifier(
        (attr_0_out_10_class_head): Sequential(
          (0): Linear(in_features=256, out_features=256, bias=True)
          (1): LayerNorm((256,), eps=1e-05, elementwise_affine=True)
          (2): ReLU()
          (3): Linear(in_features=256, out_features=256, bias=True)
          (4): LayerNorm((256,), eps=1e-05, elementwise_affine=True)
          (5): ReLU()
          (6): Linear(in_features=256, out_features=10, bias=True)
        )
        (attr_1_out_7_class_head): Sequential(
          (0): Linear(in_features=256, out_features=256, bias=True)
          (1): LayerNorm((256,), eps=1e-05, elementwise_affine=True)
          (2): ReLU()
          (3): Linear(in_features=256, out_features=256, bias=True)
          (4): LayerNorm((256,), eps=1e-05, elementwise_affine=True)
          (5): ReLU()
          (6): Linear(in_features=256, out_features=7, bias=True)
        )
        (attr_2_out_5_class_head): Sequential(
          (0): Linear(in_features=256, out_features=256, bias=True)
          (1): LayerNorm((256,), eps=1e-05, elementwise_affine=True)
          (2): ReLU()
          (3): Linear(in_features=256, out_features=256, bias=True)
          (4): LayerNorm((256,), eps=1e-05, elementwise_affine=True)
          (5): ReLU()
          (6): Linear(in_features=256, out_features=5, bias=True)
        )
        (attr_3_out_8_class_head): Sequential(
          (0): Linear(in_features=256, out_features=256, bias=True)
          (1): LayerNorm((256,), eps=1e-05, elementwise_affine=True)
          (2): ReLU()
          (3): Linear(in_features=256, out_features=256, bias=True)
          (4): LayerNorm((256,), eps=1e-05, elementwise_affine=True)
          (5): ReLU()
          (6): Linear(in_features=256, out_features=8, bias=True)
        )
        (attr_4_out_3_class_head): Sequential(
          (0): Linear(in_features=256, out_features=256, bias=True)
          (1): LayerNorm((256,), eps=1e-05, elementwise_affine=True)
          (2): ReLU()
          (3): Linear(in_features=256, out_features=256, bias=True)
          (4): LayerNorm((256,), eps=1e-05, elementwise_affine=True)
          (5): ReLU()
          (6): Linear(in_features=256, out_features=3, bias=True)
        )
      )
      (3): Attribute_Classifier(
        (attr_0_out_10_class_head): Sequential(
          (0): Linear(in_features=256, out_features=256, bias=True)
          (1): LayerNorm((256,), eps=1e-05, elementwise_affine=True)
          (2): ReLU()
          (3): Linear(in_features=256, out_features=256, bias=True)
          (4): LayerNorm((256,), eps=1e-05, elementwise_affine=True)
          (5): ReLU()
          (6): Linear(in_features=256, out_features=10, bias=True)
        )
        (attr_1_out_7_class_head): Sequential(
          (0): Linear(in_features=256, out_features=256, bias=True)
          (1): LayerNorm((256,), eps=1e-05, elementwise_affine=True)
          (2): ReLU()
          (3): Linear(in_features=256, out_features=256, bias=True)
          (4): LayerNorm((256,), eps=1e-05, elementwise_affine=True)
          (5): ReLU()
          (6): Linear(in_features=256, out_features=7, bias=True)
        )
        (attr_2_out_5_class_head): Sequential(
          (0): Linear(in_features=256, out_features=256, bias=True)
          (1): LayerNorm((256,), eps=1e-05, elementwise_affine=True)
          (2): ReLU()
          (3): Linear(in_features=256, out_features=256, bias=True)
          (4): LayerNorm((256,), eps=1e-05, elementwise_affine=True)
          (5): ReLU()
          (6): Linear(in_features=256, out_features=5, bias=True)
        )
        (attr_3_out_8_class_head): Sequential(
          (0): Linear(in_features=256, out_features=256, bias=True)
          (1): LayerNorm((256,), eps=1e-05, elementwise_affine=True)
          (2): ReLU()
          (3): Linear(in_features=256, out_features=256, bias=True)
          (4): LayerNorm((256,), eps=1e-05, elementwise_affine=True)
          (5): ReLU()
          (6): Linear(in_features=256, out_features=8, bias=True)
        )
        (attr_4_out_3_class_head): Sequential(
          (0): Linear(in_features=256, out_features=256, bias=True)
          (1): LayerNorm((256,), eps=1e-05, elementwise_affine=True)
          (2): ReLU()
          (3): Linear(in_features=256, out_features=256, bias=True)
          (4): LayerNorm((256,), eps=1e-05, elementwise_affine=True)
          (5): ReLU()
          (6): Linear(in_features=256, out_features=3, bias=True)
        )
      )
      (4): Attribute_Classifier(
        (attr_0_out_10_class_head): Sequential(
          (0): Linear(in_features=256, out_features=256, bias=True)
          (1): LayerNorm((256,), eps=1e-05, elementwise_affine=True)
          (2): ReLU()
          (3): Linear(in_features=256, out_features=256, bias=True)
          (4): LayerNorm((256,), eps=1e-05, elementwise_affine=True)
          (5): ReLU()
          (6): Linear(in_features=256, out_features=10, bias=True)
        )
        (attr_1_out_7_class_head): Sequential(
          (0): Linear(in_features=256, out_features=256, bias=True)
          (1): LayerNorm((256,), eps=1e-05, elementwise_affine=True)
          (2): ReLU()
          (3): Linear(in_features=256, out_features=256, bias=True)
          (4): LayerNorm((256,), eps=1e-05, elementwise_affine=True)
          (5): ReLU()
          (6): Linear(in_features=256, out_features=7, bias=True)
        )
        (attr_2_out_5_class_head): Sequential(
          (0): Linear(in_features=256, out_features=256, bias=True)
          (1): LayerNorm((256,), eps=1e-05, elementwise_affine=True)
          (2): ReLU()
          (3): Linear(in_features=256, out_features=256, bias=True)
          (4): LayerNorm((256,), eps=1e-05, elementwise_affine=True)
          (5): ReLU()
          (6): Linear(in_features=256, out_features=5, bias=True)
        )
        (attr_3_out_8_class_head): Sequential(
          (0): Linear(in_features=256, out_features=256, bias=True)
          (1): LayerNorm((256,), eps=1e-05, elementwise_affine=True)
          (2): ReLU()
          (3): Linear(in_features=256, out_features=256, bias=True)
          (4): LayerNorm((256,), eps=1e-05, elementwise_affine=True)
          (5): ReLU()
          (6): Linear(in_features=256, out_features=8, bias=True)
        )
        (attr_4_out_3_class_head): Sequential(
          (0): Linear(in_features=256, out_features=256, bias=True)
          (1): LayerNorm((256,), eps=1e-05, elementwise_affine=True)
          (2): ReLU()
          (3): Linear(in_features=256, out_features=256, bias=True)
          (4): LayerNorm((256,), eps=1e-05, elementwise_affine=True)
          (5): ReLU()
          (6): Linear(in_features=256, out_features=3, bias=True)
        )
      )
      (5): Attribute_Classifier(
        (attr_0_out_10_class_head): Sequential(
          (0): Linear(in_features=256, out_features=256, bias=True)
          (1): LayerNorm((256,), eps=1e-05, elementwise_affine=True)
          (2): ReLU()
          (3): Linear(in_features=256, out_features=256, bias=True)
          (4): LayerNorm((256,), eps=1e-05, elementwise_affine=True)
          (5): ReLU()
          (6): Linear(in_features=256, out_features=10, bias=True)
        )
        (attr_1_out_7_class_head): Sequential(
          (0): Linear(in_features=256, out_features=256, bias=True)
          (1): LayerNorm((256,), eps=1e-05, elementwise_affine=True)
          (2): ReLU()
          (3): Linear(in_features=256, out_features=256, bias=True)
          (4): LayerNorm((256,), eps=1e-05, elementwise_affine=True)
          (5): ReLU()
          (6): Linear(in_features=256, out_features=7, bias=True)
        )
        (attr_2_out_5_class_head): Sequential(
          (0): Linear(in_features=256, out_features=256, bias=True)
          (1): LayerNorm((256,), eps=1e-05, elementwise_affine=True)
          (2): ReLU()
          (3): Linear(in_features=256, out_features=256, bias=True)
          (4): LayerNorm((256,), eps=1e-05, elementwise_affine=True)
          (5): ReLU()
          (6): Linear(in_features=256, out_features=5, bias=True)
        )
        (attr_3_out_8_class_head): Sequential(
          (0): Linear(in_features=256, out_features=256, bias=True)
          (1): LayerNorm((256,), eps=1e-05, elementwise_affine=True)
          (2): ReLU()
          (3): Linear(in_features=256, out_features=256, bias=True)
          (4): LayerNorm((256,), eps=1e-05, elementwise_affine=True)
          (5): ReLU()
          (6): Linear(in_features=256, out_features=8, bias=True)
        )
        (attr_4_out_3_class_head): Sequential(
          (0): Linear(in_features=256, out_features=256, bias=True)
          (1): LayerNorm((256,), eps=1e-05, elementwise_affine=True)
          (2): ReLU()
          (3): Linear(in_features=256, out_features=256, bias=True)
          (4): LayerNorm((256,), eps=1e-05, elementwise_affine=True)
          (5): ReLU()
          (6): Linear(in_features=256, out_features=3, bias=True)
        )
      )
    )
    (spatial_attn_fusion): Sequential(
      (0): Conv2d(512, 128, kernel_size=(3, 3), stride=(1, 1), padding=(1, 1))
      (1): ReLU(inplace=True)
      (2): Conv2d(128, 2, kernel_size=(1, 1), stride=(1, 1))
      (3): Softmax(dim=1)
    )
    (view_channel_reduce): Conv2d(2048, 256, kernel_size=(1, 1), stride=(1, 1))
    (view_cross_attn): MultiheadAttention(
      (out_proj): NonDynamicallyQuantizableLinear(in_features=256, out_features=256, bias=True)
    )
    (view_ffn): Sequential(
      (0): Linear(in_features=256, out_features=1024, bias=True)
      (1): ReLU(inplace=True)
      (2): Linear(in_features=1024, out_features=256, bias=True)
    )
    (view_norm1): LayerNorm((256,), eps=1e-05, elementwise_affine=True)
    (view_norm2): LayerNorm((256,), eps=1e-05, elementwise_affine=True)
    (loss_pts2lines): Pts2LinesLoss()
    (loss_dir): PtsDirCosLoss()
    (loss_pts2pts): PtsL1Loss()
    (loss_attr): FocalLoss()
    (loss_offset): LateralOffsetLoss()
    (gram_loss): GramLoss(
      (mse_loss): MSELoss()
    )
    (instance_embedding): Embedding(50, 512)
    (pts_embedding): Embedding(25, 512)
  )
  (img_backbone): ResNet(
    (conv1): Conv2d(3, 64, kernel_size=(7, 7), stride=(2, 2), padding=(3, 3), bias=False)
    (bn1): BatchNorm2d(64, eps=1e-05, momentum=0.1, affine=True, track_running_stats=True)
    (relu): ReLU(inplace=True)
    (maxpool): MaxPool2d(kernel_size=3, stride=2, padding=1, dilation=1, ceil_mode=False)
    (layer1): ResLayer(
      (0): Bottleneck(
        (conv1): Conv2d(64, 64, kernel_size=(1, 1), stride=(1, 1), bias=False)
        (bn1): BatchNorm2d(64, eps=1e-05, momentum=0.1, affine=True, track_running_stats=True)
        (conv2): Conv2d(64, 64, kernel_size=(3, 3), stride=(1, 1), padding=(1, 1), bias=False)
        (bn2): BatchNorm2d(64, eps=1e-05, momentum=0.1, affine=True, track_running_stats=True)
        (conv3): Conv2d(64, 256, kernel_size=(1, 1), stride=(1, 1), bias=False)
        (bn3): BatchNorm2d(256, eps=1e-05, momentum=0.1, affine=True, track_running_stats=True)
        (relu): ReLU(inplace=True)
        (downsample): Sequential(
          (0): Conv2d(64, 256, kernel_size=(1, 1), stride=(1, 1), bias=False)
          (1): BatchNorm2d(256, eps=1e-05, momentum=0.1, affine=True, track_running_stats=True)
        )
      )
      (1): Bottleneck(
        (conv1): Conv2d(256, 64, kernel_size=(1, 1), stride=(1, 1), bias=False)
        (bn1): BatchNorm2d(64, eps=1e-05, momentum=0.1, affine=True, track_running_stats=True)
        (conv2): Conv2d(64, 64, kernel_size=(3, 3), stride=(1, 1), padding=(1, 1), bias=False)
        (bn2): BatchNorm2d(64, eps=1e-05, momentum=0.1, affine=True, track_running_stats=True)
        (conv3): Conv2d(64, 256, kernel_size=(1, 1), stride=(1, 1), bias=False)
        (bn3): BatchNorm2d(256, eps=1e-05, momentum=0.1, affine=True, track_running_stats=True)
        (relu): ReLU(inplace=True)
      )
      (2): Bottleneck(
        (conv1): Conv2d(256, 64, kernel_size=(1, 1), stride=(1, 1), bias=False)
        (bn1): BatchNorm2d(64, eps=1e-05, momentum=0.1, affine=True, track_running_stats=True)
        (conv2): Conv2d(64, 64, kernel_size=(3, 3), stride=(1, 1), padding=(1, 1), bias=False)
        (bn2): BatchNorm2d(64, eps=1e-05, momentum=0.1, affine=True, track_running_stats=True)
        (conv3): Conv2d(64, 256, kernel_size=(1, 1), stride=(1, 1), bias=False)
        (bn3): BatchNorm2d(256, eps=1e-05, momentum=0.1, affine=True, track_running_stats=True)
        (relu): ReLU(inplace=True)
      )
    )
    (layer2): ResLayer(
      (0): Bottleneck(
        (conv1): Conv2d(256, 128, kernel_size=(1, 1), stride=(1, 1), bias=False)
        (bn1): BatchNorm2d(128, eps=1e-05, momentum=0.1, affine=True, track_running_stats=True)
        (conv2): Conv2d(128, 128, kernel_size=(3, 3), stride=(2, 2), padding=(1, 1), bias=False)
        (bn2): BatchNorm2d(128, eps=1e-05, momentum=0.1, affine=True, track_running_stats=True)
        (conv3): Conv2d(128, 512, kernel_size=(1, 1), stride=(1, 1), bias=False)
        (bn3): BatchNorm2d(512, eps=1e-05, momentum=0.1, affine=True, track_running_stats=True)
        (relu): ReLU(inplace=True)
        (downsample): Sequential(
          (0): Conv2d(256, 512, kernel_size=(1, 1), stride=(2, 2), bias=False)
          (1): BatchNorm2d(512, eps=1e-05, momentum=0.1, affine=True, track_running_stats=True)
        )
      )
      (1): Bottleneck(
        (conv1): Conv2d(512, 128, kernel_size=(1, 1), stride=(1, 1), bias=False)
        (bn1): BatchNorm2d(128, eps=1e-05, momentum=0.1, affine=True, track_running_stats=True)
        (conv2): Conv2d(128, 128, kernel_size=(3, 3), stride=(1, 1), padding=(1, 1), bias=False)
        (bn2): BatchNorm2d(128, eps=1e-05, momentum=0.1, affine=True, track_running_stats=True)
        (conv3): Conv2d(128, 512, kernel_size=(1, 1), stride=(1, 1), bias=False)
        (bn3): BatchNorm2d(512, eps=1e-05, momentum=0.1, affine=True, track_running_stats=True)
        (relu): ReLU(inplace=True)
      )
      (2): Bottleneck(
        (conv1): Conv2d(512, 128, kernel_size=(1, 1), stride=(1, 1), bias=False)
        (bn1): BatchNorm2d(128, eps=1e-05, momentum=0.1, affine=True, track_running_stats=True)
        (conv2): Conv2d(128, 128, kernel_size=(3, 3), stride=(1, 1), padding=(1, 1), bias=False)
        (bn2): BatchNorm2d(128, eps=1e-05, momentum=0.1, affine=True, track_running_stats=True)
        (conv3): Conv2d(128, 512, kernel_size=(1, 1), stride=(1, 1), bias=False)
        (bn3): BatchNorm2d(512, eps=1e-05, momentum=0.1, affine=True, track_running_stats=True)
        (relu): ReLU(inplace=True)
      )
      (3): Bottleneck(
        (conv1): Conv2d(512, 128, kernel_size=(1, 1), stride=(1, 1), bias=False)
        (bn1): BatchNorm2d(128, eps=1e-05, momentum=0.1, affine=True, track_running_stats=True)
        (conv2): Conv2d(128, 128, kernel_size=(3, 3), stride=(1, 1), padding=(1, 1), bias=False)
        (bn2): BatchNorm2d(128, eps=1e-05, momentum=0.1, affine=True, track_running_stats=True)
        (conv3): Conv2d(128, 512, kernel_size=(1, 1), stride=(1, 1), bias=False)
        (bn3): BatchNorm2d(512, eps=1e-05, momentum=0.1, affine=True, track_running_stats=True)
        (relu): ReLU(inplace=True)
      )
    )
    (layer3): ResLayer(
      (0): Bottleneck(
        (conv1): Conv2d(512, 256, kernel_size=(1, 1), stride=(1, 1), bias=False)
        (bn1): BatchNorm2d(256, eps=1e-05, momentum=0.1, affine=True, track_running_stats=True)
        (conv2): Conv2d(256, 256, kernel_size=(3, 3), stride=(2, 2), padding=(1, 1), bias=False)
        (bn2): BatchNorm2d(256, eps=1e-05, momentum=0.1, affine=True, track_running_stats=True)
        (conv3): Conv2d(256, 1024, kernel_size=(1, 1), stride=(1, 1), bias=False)
        (bn3): BatchNorm2d(1024, eps=1e-05, momentum=0.1, affine=True, track_running_stats=True)
        (relu): ReLU(inplace=True)
        (downsample): Sequential(
          (0): Conv2d(512, 1024, kernel_size=(1, 1), stride=(2, 2), bias=False)
          (1): BatchNorm2d(1024, eps=1e-05, momentum=0.1, affine=True, track_running_stats=True)
        )
      )
      (1): Bottleneck(
        (conv1): Conv2d(1024, 256, kernel_size=(1, 1), stride=(1, 1), bias=False)
        (bn1): BatchNorm2d(256, eps=1e-05, momentum=0.1, affine=True, track_running_stats=True)
        (conv2): Conv2d(256, 256, kernel_size=(3, 3), stride=(1, 1), padding=(1, 1), bias=False)
        (bn2): BatchNorm2d(256, eps=1e-05, momentum=0.1, affine=True, track_running_stats=True)
        (conv3): Conv2d(256, 1024, kernel_size=(1, 1), stride=(1, 1), bias=False)
        (bn3): BatchNorm2d(1024, eps=1e-05, momentum=0.1, affine=True, track_running_stats=True)
        (relu): ReLU(inplace=True)
      )
      (2): Bottleneck(
        (conv1): Conv2d(1024, 256, kernel_size=(1, 1), stride=(1, 1), bias=False)
        (bn1): BatchNorm2d(256, eps=1e-05, momentum=0.1, affine=True, track_running_stats=True)
        (conv2): Conv2d(256, 256, kernel_size=(3, 3), stride=(1, 1), padding=(1, 1), bias=False)
        (bn2): BatchNorm2d(256, eps=1e-05, momentum=0.1, affine=True, track_running_stats=True)
        (conv3): Conv2d(256, 1024, kernel_size=(1, 1), stride=(1, 1), bias=False)
        (bn3): BatchNorm2d(1024, eps=1e-05, momentum=0.1, affine=True, track_running_stats=True)
        (relu): ReLU(inplace=True)
      )
      (3): Bottleneck(
        (conv1): Conv2d(1024, 256, kernel_size=(1, 1), stride=(1, 1), bias=False)
        (bn1): BatchNorm2d(256, eps=1e-05, momentum=0.1, affine=True, track_running_stats=True)
        (conv2): Conv2d(256, 256, kernel_size=(3, 3), stride=(1, 1), padding=(1, 1), bias=False)
        (bn2): BatchNorm2d(256, eps=1e-05, momentum=0.1, affine=True, track_running_stats=True)
        (conv3): Conv2d(256, 1024, kernel_size=(1, 1), stride=(1, 1), bias=False)
        (bn3): BatchNorm2d(1024, eps=1e-05, momentum=0.1, affine=True, track_running_stats=True)
        (relu): ReLU(inplace=True)
      )
      (4): Bottleneck(
        (conv1): Conv2d(1024, 256, kernel_size=(1, 1), stride=(1, 1), bias=False)
        (bn1): BatchNorm2d(256, eps=1e-05, momentum=0.1, affine=True, track_running_stats=True)
        (conv2): Conv2d(256, 256, kernel_size=(3, 3), stride=(1, 1), padding=(1, 1), bias=False)
        (bn2): BatchNorm2d(256, eps=1e-05, momentum=0.1, affine=True, track_running_stats=True)
        (conv3): Conv2d(256, 1024, kernel_size=(1, 1), stride=(1, 1), bias=False)
        (bn3): BatchNorm2d(1024, eps=1e-05, momentum=0.1, affine=True, track_running_stats=True)
        (relu): ReLU(inplace=True)
      )
      (5): Bottleneck(
        (conv1): Conv2d(1024, 256, kernel_size=(1, 1), stride=(1, 1), bias=False)
        (bn1): BatchNorm2d(256, eps=1e-05, momentum=0.1, affine=True, track_running_stats=True)
        (conv2): Conv2d(256, 256, kernel_size=(3, 3), stride=(1, 1), padding=(1, 1), bias=False)
        (bn2): BatchNorm2d(256, eps=1e-05, momentum=0.1, affine=True, track_running_stats=True)
        (conv3): Conv2d(256, 1024, kernel_size=(1, 1), stride=(1, 1), bias=False)
        (bn3): BatchNorm2d(1024, eps=1e-05, momentum=0.1, affine=True, track_running_stats=True)
        (relu): ReLU(inplace=True)
      )
      (6): Bottleneck(
        (conv1): Conv2d(1024, 256, kernel_size=(1, 1), stride=(1, 1), bias=False)
        (bn1): BatchNorm2d(256, eps=1e-05, momentum=0.1, affine=True, track_running_stats=True)
        (conv2): Conv2d(256, 256, kernel_size=(3, 3), stride=(1, 1), padding=(1, 1), bias=False)
        (bn2): BatchNorm2d(256, eps=1e-05, momentum=0.1, affine=True, track_running_stats=True)
        (conv3): Conv2d(256, 1024, kernel_size=(1, 1), stride=(1, 1), bias=False)
        (bn3): BatchNorm2d(1024, eps=1e-05, momentum=0.1, affine=True, track_running_stats=True)
        (relu): ReLU(inplace=True)
      )
      (7): Bottleneck(
        (conv1): Conv2d(1024, 256, kernel_size=(1, 1), stride=(1, 1), bias=False)
        (bn1): BatchNorm2d(256, eps=1e-05, momentum=0.1, affine=True, track_running_stats=True)
        (conv2): Conv2d(256, 256, kernel_size=(3, 3), stride=(1, 1), padding=(1, 1), bias=False)
        (bn2): BatchNorm2d(256, eps=1e-05, momentum=0.1, affine=True, track_running_stats=True)
        (conv3): Conv2d(256, 1024, kernel_size=(1, 1), stride=(1, 1), bias=False)
        (bn3): BatchNorm2d(1024, eps=1e-05, momentum=0.1, affine=True, track_running_stats=True)
        (relu): ReLU(inplace=True)
      )
      (8): Bottleneck(
        (conv1): Conv2d(1024, 256, kernel_size=(1, 1), stride=(1, 1), bias=False)
        (bn1): BatchNorm2d(256, eps=1e-05, momentum=0.1, affine=True, track_running_stats=True)
        (conv2): Conv2d(256, 256, kernel_size=(3, 3), stride=(1, 1), padding=(1, 1), bias=False)
        (bn2): BatchNorm2d(256, eps=1e-05, momentum=0.1, affine=True, track_running_stats=True)
        (conv3): Conv2d(256, 1024, kernel_size=(1, 1), stride=(1, 1), bias=False)
        (bn3): BatchNorm2d(1024, eps=1e-05, momentum=0.1, affine=True, track_running_stats=True)
        (relu): ReLU(inplace=True)
      )
      (9): Bottleneck(
        (conv1): Conv2d(1024, 256, kernel_size=(1, 1), stride=(1, 1), bias=False)
        (bn1): BatchNorm2d(256, eps=1e-05, momentum=0.1, affine=True, track_running_stats=True)
        (conv2): Conv2d(256, 256, kernel_size=(3, 3), stride=(1, 1), padding=(1, 1), bias=False)
        (bn2): BatchNorm2d(256, eps=1e-05, momentum=0.1, affine=True, track_running_stats=True)
        (conv3): Conv2d(256, 1024, kernel_size=(1, 1), stride=(1, 1), bias=False)
        (bn3): BatchNorm2d(1024, eps=1e-05, momentum=0.1, affine=True, track_running_stats=True)
        (relu): ReLU(inplace=True)
      )
      (10): Bottleneck(
        (conv1): Conv2d(1024, 256, kernel_size=(1, 1), stride=(1, 1), bias=False)
        (bn1): BatchNorm2d(256, eps=1e-05, momentum=0.1, affine=True, track_running_stats=True)
        (conv2): Conv2d(256, 256, kernel_size=(3, 3), stride=(1, 1), padding=(1, 1), bias=False)
        (bn2): BatchNorm2d(256, eps=1e-05, momentum=0.1, affine=True, track_running_stats=True)
        (conv3): Conv2d(256, 1024, kernel_size=(1, 1), stride=(1, 1), bias=False)
        (bn3): BatchNorm2d(1024, eps=1e-05, momentum=0.1, affine=True, track_running_stats=True)
        (relu): ReLU(inplace=True)
      )
      (11): Bottleneck(
        (conv1): Conv2d(1024, 256, kernel_size=(1, 1), stride=(1, 1), bias=False)
        (bn1): BatchNorm2d(256, eps=1e-05, momentum=0.1, affine=True, track_running_stats=True)
        (conv2): Conv2d(256, 256, kernel_size=(3, 3), stride=(1, 1), padding=(1, 1), bias=False)
        (bn2): BatchNorm2d(256, eps=1e-05, momentum=0.1, affine=True, track_running_stats=True)
        (conv3): Conv2d(256, 1024, kernel_size=(1, 1), stride=(1, 1), bias=False)
        (bn3): BatchNorm2d(1024, eps=1e-05, momentum=0.1, affine=True, track_running_stats=True)
        (relu): ReLU(inplace=True)
      )
      (12): Bottleneck(
        (conv1): Conv2d(1024, 256, kernel_size=(1, 1), stride=(1, 1), bias=False)
        (bn1): BatchNorm2d(256, eps=1e-05, momentum=0.1, affine=True, track_running_stats=True)
        (conv2): Conv2d(256, 256, kernel_size=(3, 3), stride=(1, 1), padding=(1, 1), bias=False)
        (bn2): BatchNorm2d(256, eps=1e-05, momentum=0.1, affine=True, track_running_stats=True)
        (conv3): Conv2d(256, 1024, kernel_size=(1, 1), stride=(1, 1), bias=False)
        (bn3): BatchNorm2d(1024, eps=1e-05, momentum=0.1, affine=True, track_running_stats=True)
        (relu): ReLU(inplace=True)
      )
      (13): Bottleneck(
        (conv1): Conv2d(1024, 256, kernel_size=(1, 1), stride=(1, 1), bias=False)
        (bn1): BatchNorm2d(256, eps=1e-05, momentum=0.1, affine=True, track_running_stats=True)
        (conv2): Conv2d(256, 256, kernel_size=(3, 3), stride=(1, 1), padding=(1, 1), bias=False)
        (bn2): BatchNorm2d(256, eps=1e-05, momentum=0.1, affine=True, track_running_stats=True)
        (conv3): Conv2d(256, 1024, kernel_size=(1, 1), stride=(1, 1), bias=False)
        (bn3): BatchNorm2d(1024, eps=1e-05, momentum=0.1, affine=True, track_running_stats=True)
        (relu): ReLU(inplace=True)
      )
      (14): Bottleneck(
        (conv1): Conv2d(1024, 256, kernel_size=(1, 1), stride=(1, 1), bias=False)
        (bn1): BatchNorm2d(256, eps=1e-05, momentum=0.1, affine=True, track_running_stats=True)
        (conv2): Conv2d(256, 256, kernel_size=(3, 3), stride=(1, 1), padding=(1, 1), bias=False)
        (bn2): BatchNorm2d(256, eps=1e-05, momentum=0.1, affine=True, track_running_stats=True)
        (conv3): Conv2d(256, 1024, kernel_size=(1, 1), stride=(1, 1), bias=False)
        (bn3): BatchNorm2d(1024, eps=1e-05, momentum=0.1, affine=True, track_running_stats=True)
        (relu): ReLU(inplace=True)
      )
      (15): Bottleneck(
        (conv1): Conv2d(1024, 256, kernel_size=(1, 1), stride=(1, 1), bias=False)
        (bn1): BatchNorm2d(256, eps=1e-05, momentum=0.1, affine=True, track_running_stats=True)
        (conv2): Conv2d(256, 256, kernel_size=(3, 3), stride=(1, 1), padding=(1, 1), bias=False)
        (bn2): BatchNorm2d(256, eps=1e-05, momentum=0.1, affine=True, track_running_stats=True)
        (conv3): Conv2d(256, 1024, kernel_size=(1, 1), stride=(1, 1), bias=False)
        (bn3): BatchNorm2d(1024, eps=1e-05, momentum=0.1, affine=True, track_running_stats=True)
        (relu): ReLU(inplace=True)
      )
      (16): Bottleneck(
        (conv1): Conv2d(1024, 256, kernel_size=(1, 1), stride=(1, 1), bias=False)
        (bn1): BatchNorm2d(256, eps=1e-05, momentum=0.1, affine=True, track_running_stats=True)
        (conv2): Conv2d(256, 256, kernel_size=(3, 3), stride=(1, 1), padding=(1, 1), bias=False)
        (bn2): BatchNorm2d(256, eps=1e-05, momentum=0.1, affine=True, track_running_stats=True)
        (conv3): Conv2d(256, 1024, kernel_size=(1, 1), stride=(1, 1), bias=False)
        (bn3): BatchNorm2d(1024, eps=1e-05, momentum=0.1, affine=True, track_running_stats=True)
        (relu): ReLU(inplace=True)
      )
      (17): Bottleneck(
        (conv1): Conv2d(1024, 256, kernel_size=(1, 1), stride=(1, 1), bias=False)
        (bn1): BatchNorm2d(256, eps=1e-05, momentum=0.1, affine=True, track_running_stats=True)
        (conv2): Conv2d(256, 256, kernel_size=(3, 3), stride=(1, 1), padding=(1, 1), bias=False)
        (bn2): BatchNorm2d(256, eps=1e-05, momentum=0.1, affine=True, track_running_stats=True)
        (conv3): Conv2d(256, 1024, kernel_size=(1, 1), stride=(1, 1), bias=False)
        (bn3): BatchNorm2d(1024, eps=1e-05, momentum=0.1, affine=True, track_running_stats=True)
        (relu): ReLU(inplace=True)
      )
      (18): Bottleneck(
        (conv1): Conv2d(1024, 256, kernel_size=(1, 1), stride=(1, 1), bias=False)
        (bn1): BatchNorm2d(256, eps=1e-05, momentum=0.1, affine=True, track_running_stats=True)
        (conv2): Conv2d(256, 256, kernel_size=(3, 3), stride=(1, 1), padding=(1, 1), bias=False)
        (bn2): BatchNorm2d(256, eps=1e-05, momentum=0.1, affine=True, track_running_stats=True)
        (conv3): Conv2d(256, 1024, kernel_size=(1, 1), stride=(1, 1), bias=False)
        (bn3): BatchNorm2d(1024, eps=1e-05, momentum=0.1, affine=True, track_running_stats=True)
        (relu): ReLU(inplace=True)
      )
      (19): Bottleneck(
        (conv1): Conv2d(1024, 256, kernel_size=(1, 1), stride=(1, 1), bias=False)
        (bn1): BatchNorm2d(256, eps=1e-05, momentum=0.1, affine=True, track_running_stats=True)
        (conv2): Conv2d(256, 256, kernel_size=(3, 3), stride=(1, 1), padding=(1, 1), bias=False)
        (bn2): BatchNorm2d(256, eps=1e-05, momentum=0.1, affine=True, track_running_stats=True)
        (conv3): Conv2d(256, 1024, kernel_size=(1, 1), stride=(1, 1), bias=False)
        (bn3): BatchNorm2d(1024, eps=1e-05, momentum=0.1, affine=True, track_running_stats=True)
        (relu): ReLU(inplace=True)
      )
      (20): Bottleneck(
        (conv1): Conv2d(1024, 256, kernel_size=(1, 1), stride=(1, 1), bias=False)
        (bn1): BatchNorm2d(256, eps=1e-05, momentum=0.1, affine=True, track_running_stats=True)
        (conv2): Conv2d(256, 256, kernel_size=(3, 3), stride=(1, 1), padding=(1, 1), bias=False)
        (bn2): BatchNorm2d(256, eps=1e-05, momentum=0.1, affine=True, track_running_stats=True)
        (conv3): Conv2d(256, 1024, kernel_size=(1, 1), stride=(1, 1), bias=False)
        (bn3): BatchNorm2d(1024, eps=1e-05, momentum=0.1, affine=True, track_running_stats=True)
        (relu): ReLU(inplace=True)
      )
      (21): Bottleneck(
        (conv1): Conv2d(1024, 256, kernel_size=(1, 1), stride=(1, 1), bias=False)
        (bn1): BatchNorm2d(256, eps=1e-05, momentum=0.1, affine=True, track_running_stats=True)
        (conv2): Conv2d(256, 256, kernel_size=(3, 3), stride=(1, 1), padding=(1, 1), bias=False)
        (bn2): BatchNorm2d(256, eps=1e-05, momentum=0.1, affine=True, track_running_stats=True)
        (conv3): Conv2d(256, 1024, kernel_size=(1, 1), stride=(1, 1), bias=False)
        (bn3): BatchNorm2d(1024, eps=1e-05, momentum=0.1, affine=True, track_running_stats=True)
        (relu): ReLU(inplace=True)
      )
      (22): Bottleneck(
        (conv1): Conv2d(1024, 256, kernel_size=(1, 1), stride=(1, 1), bias=False)
        (bn1): BatchNorm2d(256, eps=1e-05, momentum=0.1, affine=True, track_running_stats=True)
        (conv2): Conv2d(256, 256, kernel_size=(3, 3), stride=(1, 1), padding=(1, 1), bias=False)
        (bn2): BatchNorm2d(256, eps=1e-05, momentum=0.1, affine=True, track_running_stats=True)
        (conv3): Conv2d(256, 1024, kernel_size=(1, 1), stride=(1, 1), bias=False)
        (bn3): BatchNorm2d(1024, eps=1e-05, momentum=0.1, affine=True, track_running_stats=True)
        (relu): ReLU(inplace=True)
      )
    )
    (layer4): ResLayer(
      (0): Bottleneck(
        (conv1): Conv2d(1024, 512, kernel_size=(1, 1), stride=(1, 1), bias=False)
        (bn1): BatchNorm2d(512, eps=1e-05, momentum=0.1, affine=True, track_running_stats=True)
        (conv2): Conv2d(512, 512, kernel_size=(3, 3), stride=(2, 2), padding=(1, 1), bias=False)
        (bn2): BatchNorm2d(512, eps=1e-05, momentum=0.1, affine=True, track_running_stats=True)
        (conv3): Conv2d(512, 2048, kernel_size=(1, 1), stride=(1, 1), bias=False)
        (bn3): BatchNorm2d(2048, eps=1e-05, momentum=0.1, affine=True, track_running_stats=True)
        (relu): ReLU(inplace=True)
        (downsample): Sequential(
          (0): Conv2d(1024, 2048, kernel_size=(1, 1), stride=(2, 2), bias=False)
          (1): BatchNorm2d(2048, eps=1e-05, momentum=0.1, affine=True, track_running_stats=True)
        )
      )
      (1): Bottleneck(
        (conv1): Conv2d(2048, 512, kernel_size=(1, 1), stride=(1, 1), bias=False)
        (bn1): BatchNorm2d(512, eps=1e-05, momentum=0.1, affine=True, track_running_stats=True)
        (conv2): Conv2d(512, 512, kernel_size=(3, 3), stride=(1, 1), padding=(1, 1), bias=False)
        (bn2): BatchNorm2d(512, eps=1e-05, momentum=0.1, affine=True, track_running_stats=True)
        (conv3): Conv2d(512, 2048, kernel_size=(1, 1), stride=(1, 1), bias=False)
        (bn3): BatchNorm2d(2048, eps=1e-05, momentum=0.1, affine=True, track_running_stats=True)
        (relu): ReLU(inplace=True)
      )
      (2): Bottleneck(
        (conv1): Conv2d(2048, 512, kernel_size=(1, 1), stride=(1, 1), bias=False)
        (bn1): BatchNorm2d(512, eps=1e-05, momentum=0.1, affine=True, track_running_stats=True)
        (conv2): Conv2d(512, 512, kernel_size=(3, 3), stride=(1, 1), padding=(1, 1), bias=False)
        (bn2): BatchNorm2d(512, eps=1e-05, momentum=0.1, affine=True, track_running_stats=True)
        (conv3): Conv2d(512, 2048, kernel_size=(1, 1), stride=(1, 1), bias=False)
        (bn3): BatchNorm2d(2048, eps=1e-05, momentum=0.1, affine=True, track_running_stats=True)
        (relu): ReLU(inplace=True)
      )
    )
  )
  init_cfg={'type': 'Pretrained', 'checkpoint': '/homes/zhangzijian/vma-dev/ckpts/resnet101-5d3b4d8f.pth'}
  (img_neck): ChannelMapper(
    (convs): ModuleList(
      (0): ConvModule(
        (conv): Conv2d(512, 256, kernel_size=(1, 1), stride=(1, 1), bias=False)
        (gn): GroupNorm(32, 256, eps=1e-05, affine=True)
      )
      (1): ConvModule(
        (conv): Conv2d(1024, 256, kernel_size=(1, 1), stride=(1, 1), bias=False)
        (gn): GroupNorm(32, 256, eps=1e-05, affine=True)
      )
      (2): ConvModule(
        (conv): Conv2d(2048, 256, kernel_size=(1, 1), stride=(1, 1), bias=False)
        (gn): GroupNorm(32, 256, eps=1e-05, affine=True)
      )
    )
    (extra_convs): ModuleList(
      (0): ConvModule(
        (conv): Conv2d(2048, 256, kernel_size=(3, 3), stride=(2, 2), padding=(1, 1), bias=False)
        (gn): GroupNorm(32, 256, eps=1e-05, affine=True)
      )
    )
  )
  init_cfg={'type': 'Xavier', 'layer': 'Conv2d', 'distribution': 'uniform'}
  (grid_mask): GridMask()
  (img_backbone_view): ResNet(
    (conv1): Conv2d(3, 64, kernel_size=(7, 7), stride=(2, 2), padding=(3, 3), bias=False)
    (bn1): BatchNorm2d(64, eps=1e-05, momentum=0.1, affine=True, track_running_stats=True)
    (relu): ReLU(inplace=True)
    (maxpool): MaxPool2d(kernel_size=3, stride=2, padding=1, dilation=1, ceil_mode=False)
    (layer1): ResLayer(
      (0): Bottleneck(
        (conv1): Conv2d(64, 64, kernel_size=(1, 1), stride=(1, 1), bias=False)
        (bn1): BatchNorm2d(64, eps=1e-05, momentum=0.1, affine=True, track_running_stats=True)
        (conv2): Conv2d(64, 64, kernel_size=(3, 3), stride=(1, 1), padding=(1, 1), bias=False)
        (bn2): BatchNorm2d(64, eps=1e-05, momentum=0.1, affine=True, track_running_stats=True)
        (conv3): Conv2d(64, 256, kernel_size=(1, 1), stride=(1, 1), bias=False)
        (bn3): BatchNorm2d(256, eps=1e-05, momentum=0.1, affine=True, track_running_stats=True)
        (relu): ReLU(inplace=True)
        (downsample): Sequential(
          (0): Conv2d(64, 256, kernel_size=(1, 1), stride=(1, 1), bias=False)
          (1): BatchNorm2d(256, eps=1e-05, momentum=0.1, affine=True, track_running_stats=True)
        )
      )
      (1): Bottleneck(
        (conv1): Conv2d(256, 64, kernel_size=(1, 1), stride=(1, 1), bias=False)
        (bn1): BatchNorm2d(64, eps=1e-05, momentum=0.1, affine=True, track_running_stats=True)
        (conv2): Conv2d(64, 64, kernel_size=(3, 3), stride=(1, 1), padding=(1, 1), bias=False)
        (bn2): BatchNorm2d(64, eps=1e-05, momentum=0.1, affine=True, track_running_stats=True)
        (conv3): Conv2d(64, 256, kernel_size=(1, 1), stride=(1, 1), bias=False)
        (bn3): BatchNorm2d(256, eps=1e-05, momentum=0.1, affine=True, track_running_stats=True)
        (relu): ReLU(inplace=True)
      )
      (2): Bottleneck(
        (conv1): Conv2d(256, 64, kernel_size=(1, 1), stride=(1, 1), bias=False)
        (bn1): BatchNorm2d(64, eps=1e-05, momentum=0.1, affine=True, track_running_stats=True)
        (conv2): Conv2d(64, 64, kernel_size=(3, 3), stride=(1, 1), padding=(1, 1), bias=False)
        (bn2): BatchNorm2d(64, eps=1e-05, momentum=0.1, affine=True, track_running_stats=True)
        (conv3): Conv2d(64, 256, kernel_size=(1, 1), stride=(1, 1), bias=False)
        (bn3): BatchNorm2d(256, eps=1e-05, momentum=0.1, affine=True, track_running_stats=True)
        (relu): ReLU(inplace=True)
      )
    )
    (layer2): ResLayer(
      (0): Bottleneck(
        (conv1): Conv2d(256, 128, kernel_size=(1, 1), stride=(1, 1), bias=False)
        (bn1): BatchNorm2d(128, eps=1e-05, momentum=0.1, affine=True, track_running_stats=True)
        (conv2): Conv2d(128, 128, kernel_size=(3, 3), stride=(2, 2), padding=(1, 1), bias=False)
        (bn2): BatchNorm2d(128, eps=1e-05, momentum=0.1, affine=True, track_running_stats=True)
        (conv3): Conv2d(128, 512, kernel_size=(1, 1), stride=(1, 1), bias=False)
        (bn3): BatchNorm2d(512, eps=1e-05, momentum=0.1, affine=True, track_running_stats=True)
        (relu): ReLU(inplace=True)
        (downsample): Sequential(
          (0): Conv2d(256, 512, kernel_size=(1, 1), stride=(2, 2), bias=False)
          (1): BatchNorm2d(512, eps=1e-05, momentum=0.1, affine=True, track_running_stats=True)
        )
      )
      (1): Bottleneck(
        (conv1): Conv2d(512, 128, kernel_size=(1, 1), stride=(1, 1), bias=False)
        (bn1): BatchNorm2d(128, eps=1e-05, momentum=0.1, affine=True, track_running_stats=True)
        (conv2): Conv2d(128, 128, kernel_size=(3, 3), stride=(1, 1), padding=(1, 1), bias=False)
        (bn2): BatchNorm2d(128, eps=1e-05, momentum=0.1, affine=True, track_running_stats=True)
        (conv3): Conv2d(128, 512, kernel_size=(1, 1), stride=(1, 1), bias=False)
        (bn3): BatchNorm2d(512, eps=1e-05, momentum=0.1, affine=True, track_running_stats=True)
        (relu): ReLU(inplace=True)
      )
      (2): Bottleneck(
        (conv1): Conv2d(512, 128, kernel_size=(1, 1), stride=(1, 1), bias=False)
        (bn1): BatchNorm2d(128, eps=1e-05, momentum=0.1, affine=True, track_running_stats=True)
        (conv2): Conv2d(128, 128, kernel_size=(3, 3), stride=(1, 1), padding=(1, 1), bias=False)
        (bn2): BatchNorm2d(128, eps=1e-05, momentum=0.1, affine=True, track_running_stats=True)
        (conv3): Conv2d(128, 512, kernel_size=(1, 1), stride=(1, 1), bias=False)
        (bn3): BatchNorm2d(512, eps=1e-05, momentum=0.1, affine=True, track_running_stats=True)
        (relu): ReLU(inplace=True)
      )
      (3): Bottleneck(
        (conv1): Conv2d(512, 128, kernel_size=(1, 1), stride=(1, 1), bias=False)
        (bn1): BatchNorm2d(128, eps=1e-05, momentum=0.1, affine=True, track_running_stats=True)
        (conv2): Conv2d(128, 128, kernel_size=(3, 3), stride=(1, 1), padding=(1, 1), bias=False)
        (bn2): BatchNorm2d(128, eps=1e-05, momentum=0.1, affine=True, track_running_stats=True)
        (conv3): Conv2d(128, 512, kernel_size=(1, 1), stride=(1, 1), bias=False)
        (bn3): BatchNorm2d(512, eps=1e-05, momentum=0.1, affine=True, track_running_stats=True)
        (relu): ReLU(inplace=True)
      )
    )
    (layer3): ResLayer(
      (0): Bottleneck(
        (conv1): Conv2d(512, 256, kernel_size=(1, 1), stride=(1, 1), bias=False)
        (bn1): BatchNorm2d(256, eps=1e-05, momentum=0.1, affine=True, track_running_stats=True)
        (conv2): Conv2d(256, 256, kernel_size=(3, 3), stride=(2, 2), padding=(1, 1), bias=False)
        (bn2): BatchNorm2d(256, eps=1e-05, momentum=0.1, affine=True, track_running_stats=True)
        (conv3): Conv2d(256, 1024, kernel_size=(1, 1), stride=(1, 1), bias=False)
        (bn3): BatchNorm2d(1024, eps=1e-05, momentum=0.1, affine=True, track_running_stats=True)
        (relu): ReLU(inplace=True)
        (downsample): Sequential(
          (0): Conv2d(512, 1024, kernel_size=(1, 1), stride=(2, 2), bias=False)
          (1): BatchNorm2d(1024, eps=1e-05, momentum=0.1, affine=True, track_running_stats=True)
        )
      )
      (1): Bottleneck(
        (conv1): Conv2d(1024, 256, kernel_size=(1, 1), stride=(1, 1), bias=False)
        (bn1): BatchNorm2d(256, eps=1e-05, momentum=0.1, affine=True, track_running_stats=True)
        (conv2): Conv2d(256, 256, kernel_size=(3, 3), stride=(1, 1), padding=(1, 1), bias=False)
        (bn2): BatchNorm2d(256, eps=1e-05, momentum=0.1, affine=True, track_running_stats=True)
        (conv3): Conv2d(256, 1024, kernel_size=(1, 1), stride=(1, 1), bias=False)
        (bn3): BatchNorm2d(1024, eps=1e-05, momentum=0.1, affine=True, track_running_stats=True)
        (relu): ReLU(inplace=True)
      )
      (2): Bottleneck(
        (conv1): Conv2d(1024, 256, kernel_size=(1, 1), stride=(1, 1), bias=False)
        (bn1): BatchNorm2d(256, eps=1e-05, momentum=0.1, affine=True, track_running_stats=True)
        (conv2): Conv2d(256, 256, kernel_size=(3, 3), stride=(1, 1), padding=(1, 1), bias=False)
        (bn2): BatchNorm2d(256, eps=1e-05, momentum=0.1, affine=True, track_running_stats=True)
        (conv3): Conv2d(256, 1024, kernel_size=(1, 1), stride=(1, 1), bias=False)
        (bn3): BatchNorm2d(1024, eps=1e-05, momentum=0.1, affine=True, track_running_stats=True)
        (relu): ReLU(inplace=True)
      )
      (3): Bottleneck(
        (conv1): Conv2d(1024, 256, kernel_size=(1, 1), stride=(1, 1), bias=False)
        (bn1): BatchNorm2d(256, eps=1e-05, momentum=0.1, affine=True, track_running_stats=True)
        (conv2): Conv2d(256, 256, kernel_size=(3, 3), stride=(1, 1), padding=(1, 1), bias=False)
        (bn2): BatchNorm2d(256, eps=1e-05, momentum=0.1, affine=True, track_running_stats=True)
        (conv3): Conv2d(256, 1024, kernel_size=(1, 1), stride=(1, 1), bias=False)
        (bn3): BatchNorm2d(1024, eps=1e-05, momentum=0.1, affine=True, track_running_stats=True)
        (relu): ReLU(inplace=True)
      )
      (4): Bottleneck(
        (conv1): Conv2d(1024, 256, kernel_size=(1, 1), stride=(1, 1), bias=False)
        (bn1): BatchNorm2d(256, eps=1e-05, momentum=0.1, affine=True, track_running_stats=True)
        (conv2): Conv2d(256, 256, kernel_size=(3, 3), stride=(1, 1), padding=(1, 1), bias=False)
        (bn2): BatchNorm2d(256, eps=1e-05, momentum=0.1, affine=True, track_running_stats=True)
        (conv3): Conv2d(256, 1024, kernel_size=(1, 1), stride=(1, 1), bias=False)
        (bn3): BatchNorm2d(1024, eps=1e-05, momentum=0.1, affine=True, track_running_stats=True)
        (relu): ReLU(inplace=True)
      )
      (5): Bottleneck(
        (conv1): Conv2d(1024, 256, kernel_size=(1, 1), stride=(1, 1), bias=False)
        (bn1): BatchNorm2d(256, eps=1e-05, momentum=0.1, affine=True, track_running_stats=True)
        (conv2): Conv2d(256, 256, kernel_size=(3, 3), stride=(1, 1), padding=(1, 1), bias=False)
        (bn2): BatchNorm2d(256, eps=1e-05, momentum=0.1, affine=True, track_running_stats=True)
        (conv3): Conv2d(256, 1024, kernel_size=(1, 1), stride=(1, 1), bias=False)
        (bn3): BatchNorm2d(1024, eps=1e-05, momentum=0.1, affine=True, track_running_stats=True)
        (relu): ReLU(inplace=True)
      )
      (6): Bottleneck(
        (conv1): Conv2d(1024, 256, kernel_size=(1, 1), stride=(1, 1), bias=False)
        (bn1): BatchNorm2d(256, eps=1e-05, momentum=0.1, affine=True, track_running_stats=True)
        (conv2): Conv2d(256, 256, kernel_size=(3, 3), stride=(1, 1), padding=(1, 1), bias=False)
        (bn2): BatchNorm2d(256, eps=1e-05, momentum=0.1, affine=True, track_running_stats=True)
        (conv3): Conv2d(256, 1024, kernel_size=(1, 1), stride=(1, 1), bias=False)
        (bn3): BatchNorm2d(1024, eps=1e-05, momentum=0.1, affine=True, track_running_stats=True)
        (relu): ReLU(inplace=True)
      )
      (7): Bottleneck(
        (conv1): Conv2d(1024, 256, kernel_size=(1, 1), stride=(1, 1), bias=False)
        (bn1): BatchNorm2d(256, eps=1e-05, momentum=0.1, affine=True, track_running_stats=True)
        (conv2): Conv2d(256, 256, kernel_size=(3, 3), stride=(1, 1), padding=(1, 1), bias=False)
        (bn2): BatchNorm2d(256, eps=1e-05, momentum=0.1, affine=True, track_running_stats=True)
        (conv3): Conv2d(256, 1024, kernel_size=(1, 1), stride=(1, 1), bias=False)
        (bn3): BatchNorm2d(1024, eps=1e-05, momentum=0.1, affine=True, track_running_stats=True)
        (relu): ReLU(inplace=True)
      )
      (8): Bottleneck(
        (conv1): Conv2d(1024, 256, kernel_size=(1, 1), stride=(1, 1), bias=False)
        (bn1): BatchNorm2d(256, eps=1e-05, momentum=0.1, affine=True, track_running_stats=True)
        (conv2): Conv2d(256, 256, kernel_size=(3, 3), stride=(1, 1), padding=(1, 1), bias=False)
        (bn2): BatchNorm2d(256, eps=1e-05, momentum=0.1, affine=True, track_running_stats=True)
        (conv3): Conv2d(256, 1024, kernel_size=(1, 1), stride=(1, 1), bias=False)
        (bn3): BatchNorm2d(1024, eps=1e-05, momentum=0.1, affine=True, track_running_stats=True)
        (relu): ReLU(inplace=True)
      )
      (9): Bottleneck(
        (conv1): Conv2d(1024, 256, kernel_size=(1, 1), stride=(1, 1), bias=False)
        (bn1): BatchNorm2d(256, eps=1e-05, momentum=0.1, affine=True, track_running_stats=True)
        (conv2): Conv2d(256, 256, kernel_size=(3, 3), stride=(1, 1), padding=(1, 1), bias=False)
        (bn2): BatchNorm2d(256, eps=1e-05, momentum=0.1, affine=True, track_running_stats=True)
        (conv3): Conv2d(256, 1024, kernel_size=(1, 1), stride=(1, 1), bias=False)
        (bn3): BatchNorm2d(1024, eps=1e-05, momentum=0.1, affine=True, track_running_stats=True)
        (relu): ReLU(inplace=True)
      )
      (10): Bottleneck(
        (conv1): Conv2d(1024, 256, kernel_size=(1, 1), stride=(1, 1), bias=False)
        (bn1): BatchNorm2d(256, eps=1e-05, momentum=0.1, affine=True, track_running_stats=True)
        (conv2): Conv2d(256, 256, kernel_size=(3, 3), stride=(1, 1), padding=(1, 1), bias=False)
        (bn2): BatchNorm2d(256, eps=1e-05, momentum=0.1, affine=True, track_running_stats=True)
        (conv3): Conv2d(256, 1024, kernel_size=(1, 1), stride=(1, 1), bias=False)
        (bn3): BatchNorm2d(1024, eps=1e-05, momentum=0.1, affine=True, track_running_stats=True)
        (relu): ReLU(inplace=True)
      )
      (11): Bottleneck(
        (conv1): Conv2d(1024, 256, kernel_size=(1, 1), stride=(1, 1), bias=False)
        (bn1): BatchNorm2d(256, eps=1e-05, momentum=0.1, affine=True, track_running_stats=True)
        (conv2): Conv2d(256, 256, kernel_size=(3, 3), stride=(1, 1), padding=(1, 1), bias=False)
        (bn2): BatchNorm2d(256, eps=1e-05, momentum=0.1, affine=True, track_running_stats=True)
        (conv3): Conv2d(256, 1024, kernel_size=(1, 1), stride=(1, 1), bias=False)
        (bn3): BatchNorm2d(1024, eps=1e-05, momentum=0.1, affine=True, track_running_stats=True)
        (relu): ReLU(inplace=True)
      )
      (12): Bottleneck(
        (conv1): Conv2d(1024, 256, kernel_size=(1, 1), stride=(1, 1), bias=False)
        (bn1): BatchNorm2d(256, eps=1e-05, momentum=0.1, affine=True, track_running_stats=True)
        (conv2): Conv2d(256, 256, kernel_size=(3, 3), stride=(1, 1), padding=(1, 1), bias=False)
        (bn2): BatchNorm2d(256, eps=1e-05, momentum=0.1, affine=True, track_running_stats=True)
        (conv3): Conv2d(256, 1024, kernel_size=(1, 1), stride=(1, 1), bias=False)
        (bn3): BatchNorm2d(1024, eps=1e-05, momentum=0.1, affine=True, track_running_stats=True)
        (relu): ReLU(inplace=True)
      )
      (13): Bottleneck(
        (conv1): Conv2d(1024, 256, kernel_size=(1, 1), stride=(1, 1), bias=False)
        (bn1): BatchNorm2d(256, eps=1e-05, momentum=0.1, affine=True, track_running_stats=True)
        (conv2): Conv2d(256, 256, kernel_size=(3, 3), stride=(1, 1), padding=(1, 1), bias=False)
        (bn2): BatchNorm2d(256, eps=1e-05, momentum=0.1, affine=True, track_running_stats=True)
        (conv3): Conv2d(256, 1024, kernel_size=(1, 1), stride=(1, 1), bias=False)
        (bn3): BatchNorm2d(1024, eps=1e-05, momentum=0.1, affine=True, track_running_stats=True)
        (relu): ReLU(inplace=True)
      )
      (14): Bottleneck(
        (conv1): Conv2d(1024, 256, kernel_size=(1, 1), stride=(1, 1), bias=False)
        (bn1): BatchNorm2d(256, eps=1e-05, momentum=0.1, affine=True, track_running_stats=True)
        (conv2): Conv2d(256, 256, kernel_size=(3, 3), stride=(1, 1), padding=(1, 1), bias=False)
        (bn2): BatchNorm2d(256, eps=1e-05, momentum=0.1, affine=True, track_running_stats=True)
        (conv3): Conv2d(256, 1024, kernel_size=(1, 1), stride=(1, 1), bias=False)
        (bn3): BatchNorm2d(1024, eps=1e-05, momentum=0.1, affine=True, track_running_stats=True)
        (relu): ReLU(inplace=True)
      )
      (15): Bottleneck(
        (conv1): Conv2d(1024, 256, kernel_size=(1, 1), stride=(1, 1), bias=False)
        (bn1): BatchNorm2d(256, eps=1e-05, momentum=0.1, affine=True, track_running_stats=True)
        (conv2): Conv2d(256, 256, kernel_size=(3, 3), stride=(1, 1), padding=(1, 1), bias=False)
        (bn2): BatchNorm2d(256, eps=1e-05, momentum=0.1, affine=True, track_running_stats=True)
        (conv3): Conv2d(256, 1024, kernel_size=(1, 1), stride=(1, 1), bias=False)
        (bn3): BatchNorm2d(1024, eps=1e-05, momentum=0.1, affine=True, track_running_stats=True)
        (relu): ReLU(inplace=True)
      )
      (16): Bottleneck(
        (conv1): Conv2d(1024, 256, kernel_size=(1, 1), stride=(1, 1), bias=False)
        (bn1): BatchNorm2d(256, eps=1e-05, momentum=0.1, affine=True, track_running_stats=True)
        (conv2): Conv2d(256, 256, kernel_size=(3, 3), stride=(1, 1), padding=(1, 1), bias=False)
        (bn2): BatchNorm2d(256, eps=1e-05, momentum=0.1, affine=True, track_running_stats=True)
        (conv3): Conv2d(256, 1024, kernel_size=(1, 1), stride=(1, 1), bias=False)
        (bn3): BatchNorm2d(1024, eps=1e-05, momentum=0.1, affine=True, track_running_stats=True)
        (relu): ReLU(inplace=True)
      )
      (17): Bottleneck(
        (conv1): Conv2d(1024, 256, kernel_size=(1, 1), stride=(1, 1), bias=False)
        (bn1): BatchNorm2d(256, eps=1e-05, momentum=0.1, affine=True, track_running_stats=True)
        (conv2): Conv2d(256, 256, kernel_size=(3, 3), stride=(1, 1), padding=(1, 1), bias=False)
        (bn2): BatchNorm2d(256, eps=1e-05, momentum=0.1, affine=True, track_running_stats=True)
        (conv3): Conv2d(256, 1024, kernel_size=(1, 1), stride=(1, 1), bias=False)
        (bn3): BatchNorm2d(1024, eps=1e-05, momentum=0.1, affine=True, track_running_stats=True)
        (relu): ReLU(inplace=True)
      )
      (18): Bottleneck(
        (conv1): Conv2d(1024, 256, kernel_size=(1, 1), stride=(1, 1), bias=False)
        (bn1): BatchNorm2d(256, eps=1e-05, momentum=0.1, affine=True, track_running_stats=True)
        (conv2): Conv2d(256, 256, kernel_size=(3, 3), stride=(1, 1), padding=(1, 1), bias=False)
        (bn2): BatchNorm2d(256, eps=1e-05, momentum=0.1, affine=True, track_running_stats=True)
        (conv3): Conv2d(256, 1024, kernel_size=(1, 1), stride=(1, 1), bias=False)
        (bn3): BatchNorm2d(1024, eps=1e-05, momentum=0.1, affine=True, track_running_stats=True)
        (relu): ReLU(inplace=True)
      )
      (19): Bottleneck(
        (conv1): Conv2d(1024, 256, kernel_size=(1, 1), stride=(1, 1), bias=False)
        (bn1): BatchNorm2d(256, eps=1e-05, momentum=0.1, affine=True, track_running_stats=True)
        (conv2): Conv2d(256, 256, kernel_size=(3, 3), stride=(1, 1), padding=(1, 1), bias=False)
        (bn2): BatchNorm2d(256, eps=1e-05, momentum=0.1, affine=True, track_running_stats=True)
        (conv3): Conv2d(256, 1024, kernel_size=(1, 1), stride=(1, 1), bias=False)
        (bn3): BatchNorm2d(1024, eps=1e-05, momentum=0.1, affine=True, track_running_stats=True)
        (relu): ReLU(inplace=True)
      )
      (20): Bottleneck(
        (conv1): Conv2d(1024, 256, kernel_size=(1, 1), stride=(1, 1), bias=False)
        (bn1): BatchNorm2d(256, eps=1e-05, momentum=0.1, affine=True, track_running_stats=True)
        (conv2): Conv2d(256, 256, kernel_size=(3, 3), stride=(1, 1), padding=(1, 1), bias=False)
        (bn2): BatchNorm2d(256, eps=1e-05, momentum=0.1, affine=True, track_running_stats=True)
        (conv3): Conv2d(256, 1024, kernel_size=(1, 1), stride=(1, 1), bias=False)
        (bn3): BatchNorm2d(1024, eps=1e-05, momentum=0.1, affine=True, track_running_stats=True)
        (relu): ReLU(inplace=True)
      )
      (21): Bottleneck(
        (conv1): Conv2d(1024, 256, kernel_size=(1, 1), stride=(1, 1), bias=False)
        (bn1): BatchNorm2d(256, eps=1e-05, momentum=0.1, affine=True, track_running_stats=True)
        (conv2): Conv2d(256, 256, kernel_size=(3, 3), stride=(1, 1), padding=(1, 1), bias=False)
        (bn2): BatchNorm2d(256, eps=1e-05, momentum=0.1, affine=True, track_running_stats=True)
        (conv3): Conv2d(256, 1024, kernel_size=(1, 1), stride=(1, 1), bias=False)
        (bn3): BatchNorm2d(1024, eps=1e-05, momentum=0.1, affine=True, track_running_stats=True)
        (relu): ReLU(inplace=True)
      )
      (22): Bottleneck(
        (conv1): Conv2d(1024, 256, kernel_size=(1, 1), stride=(1, 1), bias=False)
        (bn1): BatchNorm2d(256, eps=1e-05, momentum=0.1, affine=True, track_running_stats=True)
        (conv2): Conv2d(256, 256, kernel_size=(3, 3), stride=(1, 1), padding=(1, 1), bias=False)
        (bn2): BatchNorm2d(256, eps=1e-05, momentum=0.1, affine=True, track_running_stats=True)
        (conv3): Conv2d(256, 1024, kernel_size=(1, 1), stride=(1, 1), bias=False)
        (bn3): BatchNorm2d(1024, eps=1e-05, momentum=0.1, affine=True, track_running_stats=True)
        (relu): ReLU(inplace=True)
      )
    )
    (layer4): ResLayer(
      (0): Bottleneck(
        (conv1): Conv2d(1024, 512, kernel_size=(1, 1), stride=(1, 1), bias=False)
        (bn1): BatchNorm2d(512, eps=1e-05, momentum=0.1, affine=True, track_running_stats=True)
        (conv2): Conv2d(512, 512, kernel_size=(3, 3), stride=(2, 2), padding=(1, 1), bias=False)
        (bn2): BatchNorm2d(512, eps=1e-05, momentum=0.1, affine=True, track_running_stats=True)
        (conv3): Conv2d(512, 2048, kernel_size=(1, 1), stride=(1, 1), bias=False)
        (bn3): BatchNorm2d(2048, eps=1e-05, momentum=0.1, affine=True, track_running_stats=True)
        (relu): ReLU(inplace=True)
        (downsample): Sequential(
          (0): Conv2d(1024, 2048, kernel_size=(1, 1), stride=(2, 2), bias=False)
          (1): BatchNorm2d(2048, eps=1e-05, momentum=0.1, affine=True, track_running_stats=True)
        )
      )
      (1): Bottleneck(
        (conv1): Conv2d(2048, 512, kernel_size=(1, 1), stride=(1, 1), bias=False)
        (bn1): BatchNorm2d(512, eps=1e-05, momentum=0.1, affine=True, track_running_stats=True)
        (conv2): Conv2d(512, 512, kernel_size=(3, 3), stride=(1, 1), padding=(1, 1), bias=False)
        (bn2): BatchNorm2d(512, eps=1e-05, momentum=0.1, affine=True, track_running_stats=True)
        (conv3): Conv2d(512, 2048, kernel_size=(1, 1), stride=(1, 1), bias=False)
        (bn3): BatchNorm2d(2048, eps=1e-05, momentum=0.1, affine=True, track_running_stats=True)
        (relu): ReLU(inplace=True)
      )
      (2): Bottleneck(
        (conv1): Conv2d(2048, 512, kernel_size=(1, 1), stride=(1, 1), bias=False)
        (bn1): BatchNorm2d(512, eps=1e-05, momentum=0.1, affine=True, track_running_stats=True)
        (conv2): Conv2d(512, 512, kernel_size=(3, 3), stride=(1, 1), padding=(1, 1), bias=False)
        (bn2): BatchNorm2d(512, eps=1e-05, momentum=0.1, affine=True, track_running_stats=True)
        (conv3): Conv2d(512, 2048, kernel_size=(1, 1), stride=(1, 1), bias=False)
        (bn3): BatchNorm2d(2048, eps=1e-05, momentum=0.1, affine=True, track_running_stats=True)
        (relu): ReLU(inplace=True)
      )
    )
  )
  init_cfg={'type': 'Pretrained', 'checkpoint': '/homes/zhangzijian/vma-dev/ckpts/resnet101-5d3b4d8f.pth'}
  (img_neck_view): ChannelMapper(
    (convs): ModuleList(
      (0): ConvModule(
        (conv): Conv2d(512, 256, kernel_size=(1, 1), stride=(1, 1), bias=False)
        (gn): GroupNorm(32, 256, eps=1e-05, affine=True)
      )
      (1): ConvModule(
        (conv): Conv2d(1024, 256, kernel_size=(1, 1), stride=(1, 1), bias=False)
        (gn): GroupNorm(32, 256, eps=1e-05, affine=True)
      )
      (2): ConvModule(
        (conv): Conv2d(2048, 256, kernel_size=(1, 1), stride=(1, 1), bias=False)
        (gn): GroupNorm(32, 256, eps=1e-05, affine=True)
      )
    )
    (extra_convs): ModuleList(
      (0): ConvModule(
        (conv): Conv2d(2048, 256, kernel_size=(3, 3), stride=(2, 2), padding=(1, 1), bias=False)
        (gn): GroupNorm(32, 256, eps=1e-05, affine=True)
      )
    )
  )
  init_cfg={'type': 'Xavier', 'layer': 'Conv2d', 'distribution': 'uniform'}
)
